Workbook

Sheet SQL
A1: ############################################
A2: ############################################
A4: ## Amount of events during given period 5242
A5: ## November 1998
A6: ## December 2340
A7: ## January 904
A8: SELECT
A9: user_pseudo_id,
A10: FORMAT_TIMESTAMP('%Y-%m-%d', TIMESTAMP_MICROS(event_timestamp)) AS event_date,
A11: event_name,
A12: purchase_revenue_in_usd,
A13: FROM
... A351: event_count DESC;

Sheet Purchase
A1: user_pseudo_id | B1: event_date | C1: event_name | D1: purchase_revenue_in_usd
A2: 3297046.7 | B2: 44136 | C2: purchase | D2: 87 | F2: Row Labels | G2: Count of event_date | J2: Count of event_date
A3: 6828468.2 | B3: 44136 | C3: purchase | D3: 46 | F3: 44136 | G3: 14 | I3: 44136 | J3: 14
A4: 4075022.3 | B4: 44136 | C4: purchase | D4: 13 | F4: 44137 | G4: 49 | I4: 44137 | J4: 49
A5: 70761379 | B5: 44136 | C5: purchase | D5: 32 | F5: 44138 | G5: 49 | I5: 44138 | J5: 49
A6: 33027284 | B6: 44136 | C6: purchase | D6: 63 | F6: 44139 | G6: 46 | I6: 44139 | J6: 46
A7: 68689240 | B7: 44136 | C7: purchase | D7: 59 | F7: 44140 | G7: 26 | I7: 44140 | J7: 26
A8: 40765277 | B8: 44136 | C8: purchase | D8: 48 | F8: 44141 | G8: 58 | I8: 44141 | J8: 58
A9: 2422026 | B9: 44136 | C9: purchase | D9: 72 | F9: 44142 | G9: 31 | I9: 44142 | J9: 31
A10: 29640693 | B10: 44136 | C10: purchase | D10: 55 | F10: 44143 | G10: 32 | I10: 44143 | J10: 32
A11: 29640693 | B11: 44136 | C11: purchase | D11: 59 | F11: 44144 | G11: 52 | I11: 44144 | J11: 52
A12: 36638696 | B12: 44136 | C12: purchase | D12: 34 | F12: 44145 | G12: 63 | I12: 44145 | J12: 63
A13: 1494018.5 | B13: 44136 | C13: purchase | D13: 25 | F13: 44146 | G13: 63 | I13: 44146 | J13: 63
A14: 7905299838 | B14: 44136 | C14: purchase | D14: 120 | F14: 44147 | G14: 54 | I14: 44147 | J14: 54
... A93: 81324083 | B93: 44138 | C93: purchase | D93: 120 | F93: 44226 | G93: 5 | I93: 44226 | J93: 5
A94: 8606659.8 | B94: 44138 | C94: purchase | D94: 12 | F94: Grand Total | G94: 5242
A95: 50924450 | B95: 44138 | C95: purchase | D95: 54
A96: 56494470 | B96: 44138 | C96: purchase | D96: 66
A97: 53709875 | B97: 44138 | C97: purchase | D97: 279
A98: 55484598 | B98: 44138 | C98: purchase | D98: 116
A99: 7757973.8 | B99: 44138 | C99: purchase | D99: 28
A100: 45473624 | B100: 44138 | C100: purchase | D100: 27
A101: 16187715 | B101: 44138 | C101: purchase | D101: 55
A102: 53887436 | B102: 44138 | C102: purchase | D102: 219
A103: 2798155.8 | B103: 44138 | C103: purchase | D103: 10
A104: 1257911.6 | B104: 44138 | C104: purchase | D104: 22
A105: 484269875 | B105: 44138 | C105: purchase | D105: 130
A106: 43166185 | B106: 44138 | C106: purchase | D106: 17
... A5243: 17220616 | B5243: 44226 | C5243: purchase | D5243: 28

Sheet Users
A1: event_date | B1: Count of users | C1: Purchasing users (from main query) | D1: Purchasing users (%)
A2: 44136 | B2: 2365 | C2: 14 | D2: =C2/B2 -> 0.0059196617
A3: 44137 | B3: 3134 | C3: 49 | D3: =C3/B3 -> 0.015634971
A4: 44138 | B4: 4342 | C4: 49 | D4: =C4/B4 -> 0.011285122
A5: 44139 | B5: 3314 | C5: 44 | D5: =C5/B5 -> 0.013277007
A6: 44140 | B6: 2825 | C6: 26 | D6: =C6/B6 -> 0.0092035398
A7: 44141 | B7: 2363 | C7: 58 | D7: =C7/B7 -> 0.02454507
A8: 44142 | B8: 1735 | C8: 31 | D8: =C8/B8 -> 0.017867435
A9: 44143 | B9: 1661 | C9: 32 | D9: =C9/B9 -> 0.019265503
A10: 44144 | B10: 2365 | C10: 52 | D10: =C10/B10 -> 0.021987315
A11: 44145 | B11: 2748 | C11: 62 | D11: =C11/B11 -> 0.022561863
A12: 44146 | B12: 2750 | C12: 63 | D12: =C12/B12 -> 0.022909091
A13: 44147 | B13: 2585 | C13: 52 | D13: =C13/B13 -> 0.020116054
... A30: 44164 | B30: 2418 | C30: 49 | D30: =C30/B30 -> 0.020264682
A31: 44165 | B31: 3211 | C31: 132 | D31: =C31/B31 -> 0.041108689 | E31: avg. | F31: =AVERAGE(D2:D31) -> 0.02396154
A32: 44166 | B32: 3480 | C32: 96 | D32: =C32/B32 -> 0.027586207
A33: 44167 | B33: 3307 | C33: 79 | D33: =C33/B33 -> 0.023888721
A34: 44168 | B34: 3634 | C34: 85 | D34: =C34/B34 -> 0.023390204
A35: 44169 | B35: 3366 | C35: 92 | D35: =C35/B35 -> 0.027332145
A36: 44170 | B36: 2575 | C36: 84 | D36: =C36/B36 -> 0.032621359
A37: 44171 | B37: 2461 | C37: 41 | D37: =C37/B37 -> 0.016659894
A38: 44172 | B38: 3855 | C38: 104 | D38: =C38/B38 -> 0.026977951
A39: 44173 | B39: 5659 | C39: 116 | D39: =C39/B39 -> 0.020498321
A40: 44174 | B40: 4559 | C40: 147 | D40: =C40/B40 -> 0.032243913
A41: 44175 | B41: 4279 | C41: 129 | D41: =C41/B41 -> 0.030147231
A42: 44176 | B42: 4045 | C42: 148 | D42: =C42/B42 -> 0.036588381
A43: 44177 | B43: 3211 | C43: 100 | D43: =C43/B43 -> 0.031142946
... A61: 44195 | B61: 2558 | C61: 22 | D61: =C61/B61 -> 0.0086004691
A62: 44196 | B62: 2143 | C62: 25 | D62: =C62/B62 -> 0.011665889 | F62: =AVERAGE(D32:D62) -> 0.021491987
A63: 44197 | B63: 1948 | C63: 14 | D63: =C63/B63 -> 0.0071868583
A64: 44198 | B64: 2341 | C64: 13 | D64: =C64/B64 -> 0.0055531824
A65: 44199 | B65: 2299 | C65: 13 | D65: =C65/B65 -> 0.0056546324
A66: 44200 | B66: 2681 | C66: 14 | D66: =C66/B66 -> 0.0052219321
A67: 44201 | B67: 3583 | C67: 28 | D67: =C67/B67 -> 0.0078146804
A68: 44202 | B68: 4803 | C68: 30 | D68: =C68/B68 -> 0.0062460962
A69: 44203 | B69: 3572 | C69: 22 | D69: =C69/B69 -> 0.0061590146
A70: 44204 | B70: 3254 | C70: 30 | D70: =C70/B70 -> 0.0092194222
A71: 44205 | B71: 2582 | C71: 19 | D71: =C71/B71 -> 0.0073586367
A72: 44206 | B72: 2433 | C72: 14 | D72: =C72/B72 -> 0.0057542129
A73: 44207 | B73: 3034 | C73: 26 | D73: =C73/B73 -> 0.0085695452
A74: 44208 | B74: 3551 | C74: 46 | D74: =C74/B74 -> 0.012954097
... A91: 44225 | B91: 2801 | C91: 6 | D91: =C91/B91 -> 0.0021420921
A92: 44226 | B92: 2231 | C92: 5 | D92: =C92/B92 -> 0.0022411475 | F92: =AVERAGE(D63:D92) -> 0.0096776322
A93: 44227 | B93: 2212 | D93: =C93/B93 -> 0 | E93: =A93=D93 -> FALSE
D95: =AVERAGE(D2:D92) -> 0.018411283

Sheet Revenue
A1: event_date | B1: total_revenue | C1: One-time users | D1: Returning customers | E1: =Users!C1 -> Purchasing users (from main query) | F1: Average order value | G1: Count of orders
A2: 44136 | B2: 773 | C2: 659 | D2: =B2-C2 -> 114 | E2: =Users!C2 -> 14 | F2: =B2/E2 -> 55.214286 | G2: =Purchase!J3 -> 14
A3: 44137 | B3: 4789 | C3: 3029 | D3: =B3-C3 -> 1760 | E3: =Users!C3 -> 49 | F3: =B3/E3 -> 97.734694 | G3: =Purchase!J4 -> 49
A4: 44138 | B4: 3313 | C4: 2645 | D4: =B4-C4 -> 668 | E4: =Users!C4 -> 49 | F4: =B4/E4 -> 67.612245 | G4: =Purchase!J5 -> 49
A5: 44139 | B5: 2197 | C5: 1186 | D5: =B5-C5 -> 1011 | E5: =Users!C5 -> 44 | F5: =B5/E5 -> 49.931818 | G5: =Purchase!J6 -> 46
A6: 44140 | B6: 1792 | C6: 1609 | D6: =B6-C6 -> 183 | E6: =Users!C6 -> 26 | F6: =B6/E6 -> 68.923077 | G6: =Purchase!J7 -> 26
A7: 44141 | B7: 3438 | C7: 2229 | D7: =B7-C7 -> 1209 | E7: =Users!C7 -> 58 | F7: =B7/E7 -> 59.275862 | G7: =Purchase!J8 -> 58
A8: 44142 | B8: 2531 | C8: 1680 | D8: =B8-C8 -> 851 | E8: =Users!C8 -> 31 | F8: =B8/E8 -> 81.645161 | G8: =Purchase!J9 -> 31
A9: 44143 | B9: 3760 | C9: 2420 | D9: =B9-C9 -> 1340 | E9: =Users!C9 -> 32 | F9: =B9/E9 -> 117.5 | G9: =Purchase!J10 -> 32
A10: 44144 | B10: 2154 | C10: 1324 | D10: =B10-C10 -> 830 | E10: =Users!C10 -> 52 | F10: =B10/E10 -> 41.423077 | G10: =Purchase!J11 -> 52
A11: 44145 | B11: 4041 | C11: 3376 | D11: =B11-C11 -> 665 | E11: =Users!C11 -> 62 | F11: =B11/E11 -> 65.177419 | G11: =Purchase!J12 -> 63
A12: 44146 | B12: 4428 | C12: 3420 | D12: =B12-C12 -> 1008 | E12: =Users!C12 -> 63 | F12: =B12/E12 -> 70.285714 | G12: =Purchase!J13 -> 63
A13: 44147 | B13: 3349 | C13: 2735 | D13: =B13-C13 -> 614 | E13: =Users!C13 -> 52 | F13: =B13/E13 -> 64.403846 | G13: =Purchase!J14 -> 54
... A20: 44154 | B20: 5752 | C20: 432 | D20: =B20-C20 -> 5320 | E20: =Users!C20 -> 79 | F20: =B20/E20 -> 72.810127 | G20: =Purchase!J21 -> 79
A21: 44155 | B21: 8792 | D21: =B21-C21 -> 8792 | E21: =Users!C21 -> 100 | F21: =B21/E21 -> 87.92 | G21: =Purchase!J22 -> 106
A22: 44156 | B22: 4336 | D22: =B22-C22 -> 4336 | E22: =Users!C22 -> 66 | F22: =B22/E22 -> 65.69697 | G22: =Purchase!J23 -> 66
A23: 44157 | B23: 3428 | D23: =B23-C23 -> 3428 | E23: =Users!C23 -> 58 | F23: =B23/E23 -> 59.103448 | G23: =Purchase!J24 -> 58
A24: 44158 | B24: 8482 | D24: =B24-C24 -> 8482 | E24: =Users!C24 -> 138 | F24: =B24/E24 -> 61.463768 | G24: =Purchase!J25 -> 138
A25: 44159 | B25: 10345 | C25: 3338 | D25: =B25-C25 -> 7007 | E25: =Users!C25 -> 120 | F25: =B25/E25 -> 86.208333 | G25: =Purchase!J26 -> 145
A26: 44160 | B26: 8121 | C26: 5159 | D26: =B26-C26 -> 2962 | E26: =Users!C26 -> 75 | F26: =B26/E26 -> 108.28 | G26: =Purchase!J27 -> 103
A27: 44161 | B27: 4133 | C27: 3547 | D27: =B27-C27 -> 586 | E27: =Users!C27 -> 47 | F27: =B27/E27 -> 87.93617 | G27: =Purchase!J28 -> 54
A28: 44162 | B28: 6699 | C28: 5026 | D28: =B28-C28 -> 1673 | E28: =Users!C28 -> 89 | F28: =B28/E28 -> 75.269663 | G28: =Purchase!J29 -> 93
A29: 44163 | B29: 6255 | C29: 4781 | D29: =B29-C29 -> 1474 | E29: =Users!C29 -> 69 | F29: =B29/E29 -> 90.652174 | G29: =Purchase!J30 -> 70
A30: 44164 | B30: 3862 | C30: 3270 | D30: =B30-C30 -> 592 | E30: =Users!C30 -> 49 | F30: =B30/E30 -> 78.816327 | G30: =Purchase!J31 -> 49
A31: 44165 | B31: 11990 | C31: 7900 | D31: =B31-C31 -> 4090 | E31: =Users!C31 -> 132 | F31: =B31/E31 -> 90.833333 | G31: =Purchase!J32 -> 136
A32: 44166 | B32: 6258 | C32: 4222 | D32: =B32-C32 -> 2036 | E32: =Users!C32 -> 96 | F32: =B32/E32 -> 65.1875 | G32: =Purchase!J33 -> 97
A33: 44167 | B33: 5201 | C33: 2912 | D33: =B33-C33 -> 2289 | E33: =Users!C33 -> 79 | F33: =B33/E33 -> 65.835443 | G33: =Purchase!J34 -> 78
A34: 44168 | B34: 4317 | C34: 3160 | D34: =B34-C34 -> 1157 | E34: =Users!C34 -> 85 | F34: =B34/E34 -> 50.788235 | G34: =Purchase!J35 -> 87
A35: 44169 | B35: 6458 | C35: 3946 | D35: =B35-C35 -> 2512 | E35: =Users!C35 -> 92 | F35: =B35/E35 -> 70.195652 | G35: =Purchase!J36 -> 93
A36: 44170 | B36: 6396 | C36: 4809 | D36: =B36-C36 -> 1587 | E36: =Users!C36 -> 84 | F36: =B36/E36 -> 76.142857 | G36: =Purchase!J37 -> 85
... A92: 44226 | B92: 159 | C92: 89 | D92: =B92-C92 -> 70 | E92: =Users!C92 -> 5 | F92: =B92/E92 -> 31.8 | G92: =Purchase!J93 -> 5
B94: 362165 | F94: =AVERAGE(F2:F92) -> 67.227535
F96: =AVERAGE(F2:F31) -> 74.453928
F97: =AVERAGE(F32:F62) -> 66.978905
F98: =AVERAGE(F63:F92) -> 60.258058

Sheet Time to purchase RAW
A1: user_pseudo_id | B1: session_start_event_date_time | C1: purchase_event_date_time | D1: event_value_in_usd | E1: time_to_purchase
A2: 36638696 | B2: 44136.007 | C2: 44136.019 | D2: 34 | E2: 1039
A3: 2422026 | B3: 44136.063 | C3: 44136.073 | D3: 72 | E3: 801
A4: 1494018.5 | B4: 44136.167 | C4: 44136.174 | D4: 25 | E4: 601
A5: 3297046.7 | B5: 44136.252 | C5: 44136.262 | D5: 87 | E5: 844
A6: 6828468.2 | B6: 44136.398 | C6: 44136.412 | D6: 46 | E6: 1244
A7: 33027284 | B7: 44136.455 | C7: 44136.463 | D7: 63 | E7: 724
A8: 38686208 | B8: 44136.428 | C8: 44136.513 | D8: 60 | E8: 7361
A9: 4075022.3 | B9: 44136.556 | C9: 44136.558 | D9: 13 | E9: 244
A10: 29640693 | B10: 44136.621 | C10: 44136.633 | D10: 55 | E10: 1104
A11: 29640693 | B11: 44136.621 | C11: 44136.642 | D11: 59 | E11: 1861
A12: 70761379 | B12: 44136.71 | C12: 44136.735 | D12: 32 | E12: 2191
A13: 68689240 | B13: 44136.726 | C13: 44136.737 | D13: 59 | E13: 1026
... A5087: 4661274.5 | B5087: 44226.894 | C5087: 44226.902 | D5087: 28 | E5087: 660
D5089: =SUM(D2:D5087) -> 347101 | E5089: =AVERAGE(E2:E5087) -> 4908.1573 | F5089: =TEXT(E5089/86400, "h:mm:ss") -> 1:21:48

Sheet Time to purchase agg
A1: purchase_date | B1: Revenue | C1: Avg.time to purchase (in seconds) | D1: count_purchases | E1: Avg.time to purchase (RHS, in minutes)
A2: 44136 | B2: 773 | C2: 1686.36 | D2: 14 | E2: =C2/60 -> 28.106 | G2: 2020-11 | H2: 4289.3098 | I2: =TEXT(H2/86400, "h:mm:ss") -> 1:11:29
A3: 44137 | B3: 4789 | C3: 4934.22 | D3: 49 | E3: =C3/60 -> 82.237 | G3: 2020-12 | H3: 5486.8187 | I3: =TEXT(H3/86400, "h:mm:ss") -> 1:31:27
A4: 44138 | B4: 3313 | C4: 5871.69 | D4: 49 | E4: =C4/60 -> 97.8615 | G4: 2021-01 | H4: 4744.4698 | I4: =TEXT(H4/86400, "h:mm:ss") -> 1:19:04
A5: 44139 | B5: 2013 | C5: 6973.8 | D5: 44 | E5: =C5/60 -> 116.23
A6: 44140 | B6: 1792 | C6: 2506.42 | D6: 26 | E6: =C6/60 -> 41.773667
A7: 44141 | B7: 3438 | C7: 5281 | D7: 58 | E7: =C7/60 -> 88.016667
A8: 44142 | B8: 2531 | C8: 1443.48 | D8: 31 | E8: =C8/60 -> 24.058
A9: 44143 | B9: 3760 | C9: 4042.66 | D9: 32 | E9: =C9/60 -> 67.377667
A10: 44144 | B10: 2154 | C10: 4690.54 | D10: 52 | E10: =C10/60 -> 78.175667
A11: 44145 | B11: 4014 | C11: 6244.23 | D11: 62 | E11: =C11/60 -> 104.0705
A12: 44146 | B12: 4428 | C12: 4916.46 | D12: 63 | E12: =C12/60 -> 81.941
A13: 44147 | B13: 3257 | C13: 5260.5 | D13: 52 | E13: =C13/60 -> 87.675
A14: 44148 | B14: 5831 | C14: 4243.13 | D14: 79 | E14: =C14/60 -> 70.718833
A15: 44149 | B15: 2338 | C15: 6264.97 | D15: 30 | E15: =C15/60 -> 104.41617
A16: 44150 | B16: 1483 | C16: 1624.1 | D16: 21 | E16: =C16/60 -> 27.068333
... A92: 44226 | B92: 159 | C92: 1043.8 | D92: 5 | E92: =C92/60 -> 17.396667
A94: Total | B94: =SUM(B2:B92) -> 347101 | D94: =SUM(D2:D92) -> 5086

Sheet Funnel Overview
F4: Total events count across all countries
C5: Event name | D5: Event count
C6: session_start | D6: 267116
C7: scroll | D7: 138098
C8: view_item | D8: 61252
C9: add_to_cart | D9: 12545
C10: add_payment_info | D10: 5751
C11: purchase | D11: 4419
C21: Event count (Absolute numbers) | J21: EVENT count (% drop from the previous step)
B22: Event order | C22: Event name | D22: Total | E22: US | F22: India | G22: Canada | I22: Event order | J22: Event name | K22: Total | L22: US | M22: India | N22: Canada
B23: 1 | C23: session_start | D23: 267116 | E23: 117160 | F23: 25059 | G23: 20037 | I23: 1 | J23: session_start | K23: =D23/D23 -> 1 | L23: =E23/E23 -> 1 | M23: =F23/F23 -> 1 | N23: =G23/G23 -> 1
B24: 2 | C24: scroll | D24: 138098 | E24: 60726 | F24: 13000 | G24: 10350 | I24: 2 | J24: scroll | K24: =(D24/D23)-1 -> -0.48300364 | L24: =(E24/E23)-1 -> -0.48168317 | M24: =(F24/F23)-1 -> -0.48122431 | N24: =(G24/G23)-1 -> -0.48345561
B25: 3 | C25: view_item | D25: 61252 | E25: 26953 | F25: 5795 | G25: 4653 | I25: 3 | J25: view_item | K25: =(D25/D24)-1 -> -0.55645991 | L25: =(E25/E24)-1 -> -0.55615387 | M25: =(F25/F24)-1 -> -0.55423077 | N25: =(G25/G24)-1 -> -0.55043478
B26: 4 | C26: add_to_cart | D26: 12545 | E26: 5603 | F26: 1162 | G26: 993 | I26: 4 | J26: add_to_cart | K26: =(D26/D25)-1 -> -0.79519036 | L26: =(E26/E25)-1 -> -0.79211962 | M26: =(F26/F25)-1 -> -0.79948231 | N26: =(G26/G25)-1 -> -0.7865893
B27: 5 | C27: add_payment_info | D27: 5751 | E27: 2516 | F27: 524 | G27: 465 | I27: 5 | J27: add_payment_info | K27: =(D27/D26)-1 -> -0.54157035 | L27: =(E27/E26)-1 -> -0.55095485 | M27: =(F27/F26)-1 -> -0.54905336 | N27: =(G27/G26)-1 -> -0.53172205
B28: 6 | C28: purchase | D28: 4419 | E28: 1942 | F28: 406 | G28: 355 | I28: 6 | J28: purchase | K28: =(D28/D27)-1 -> -0.23161189 | L28: =(E28/E27)-1 -> -0.2281399 | M28: =(F28/F27)-1 -> -0.22519084 | N28: =(G28/G27)-1 -> -0.23655914
B48: Insights
B49: ► Cleaned dataset consistet of more than 1.3 million events, within 270k unique accounts across 109 countries. Almost 500k interactions analysed within this funnel analysis
B50: ► Top 3 countries (US, India and Canada) accounts for 61% of total events and is representing roughly similar trends across each other and aggregate numbers.
B51: ► Bottle-neck check. Funnel element "add to chart" part falls drastically around 80% across all analysed geographies. Possible causes could be poor user interface, slow web, poor quality pictures of
B52: products and etc. Would recommend to look more deeply into this step (additional micro funnel and later on A/B testing based on gathered insights).
B53: ► Check for segmentation across the particular users, there might be more patterns with additional data analysis (mobile vs desktop buyers, gender or time spent in shop, different time periods)
B54: ► Figure out if marketing strategies are targeting correct audience.

Sheet Aggregate data
A1: user_pseudo_id | B1: session_start_event_date_time | C1: purchase_event_date_time | D1: purchase date | E1: category | F1: operating_system | G1: browser | H1: country | I1: event_value_in_usd | J1: time_to_purchase
A2: 36638696 | B2: 44136.007 | C2: 44136.019 | D2: =TEXT(C2, "yyyy-mm-dd") -> 2020-11-01 | E2: mobile | F2: Android | G2: Chrome | H2: United States | I2: 34 | J2: 1039 | N2: Sum of event_value_in_usd | O2: Column Labels | ED2: Purchasing users
A3: 2422026 | B3: 44136.063 | C3: 44136.073 | D3: =TEXT(C3, "yyyy-mm-dd") -> 2020-11-01 | E3: desktop | F3: Windows | G3: Chrome | H3: Sweden | I3: 72 | J3: 801 | N3: Row Labels | O3: desktop | P3: mobile | Q3: tablet | R3: Grand Total | U3: Desktop | V3: Mobile | W3: Tablet
A4: 1494018.5 | B4: 44136.167 | C4: 44136.174 | D4: =TEXT(C4, "yyyy-mm-dd") -> 2020-11-01 | E4: desktop | F4: Web | G4: Chrome | H4: Canada | I4: 25 | J4: 601 | N4: 2020-11-01 | O4: 566 | P4: 207 | R4: 773 | T4: 44136 | U4: 566 | V4: 207 | AG4: Count of user_pseudo_id | AH4: Column Labels
A5: 3297046.7 | B5: 44136.252 | C5: 44136.262 | D5: =TEXT(C5, "yyyy-mm-dd") -> 2020-11-01 | E5: desktop | F5: Web | G5: Chrome | H5: United States | I5: 87 | J5: 844 | N5: 2020-11-02 | O5: 3328 | P5: 1405 | Q5: 56 | R5: 4789 | T5: 44137 | U5: 3328 | V5: 1405 | W5: 56 | AG5: Row Labels | AH5: (not set) | AI5: Albania | AJ5: Algeria | AK5: Argentina | AL5: Armenia | AM5: Australia | AN5: Austria | AO5: Bahamas | AP5: Bahrain | AQ5: Bangladesh | AR5: Belarus | AS5: Belgium | AT5: Bolivia | AU5: Bosnia & Herzegovina | AV5: Brazil | AW5: Bulgaria | AX5: Cambodia | AY5: Canada | AZ5: Chile | BA5: China | BB5: Colombia | BC5: Costa Rica | BD5: Croatia | BE5: Cyprus | BF5: Czechia | BG5: Denmark | BH5: Dominican Republic | BI5: Ecuador | BJ5: Egypt | BK5: El Salvador | BL5: Finland | BM5: France | BN5: Georgia | BO5: Germany | BP5: Greece | BQ5: Guatemala | BR5: Honduras | BS5: Hong Kong | BT5: Hungary | BU5: India | BV5: Indonesia | BW5: Iraq | BX5: Ireland | BY5: Israel | BZ5: Italy | CA5: Japan | CB5: Jordan | CC5: Kazakhstan | CD5: Kenya | CE5: Kosovo | CF5: Kuwait | CG5: Latvia | CH5: Lebanon | CI5: Lithuania | CJ5: Luxembourg | CK5: Macao | CL5: Malaysia | CM5: Malta | CN5: Mexico | CO5: Mongolia | CP5: Morocco | CQ5: Netherlands | CR5: New Zealand | CS5: Nigeria | CT5: North Macedonia | CU5: Norway | CV5: Pakistan | CW5: Palestine | CX5: Panama | CY5: Paraguay | CZ5: Peru | DA5: Philippines | DB5: Poland | DC5: Portugal | DD5: Puerto Rico | DE5: Qatar | DF5: Romania | DG5: Russia | DH5: Saudi Arabia | DI5: Serbia | DJ5: Singapore | DK5: Slovakia | DL5: Slovenia | DM5: South Africa | DN5: South Korea | DO5: Spain | DP5: Sri Lanka | DQ5: Sweden | DR5: Switzerland | DS5: Taiwan | DT5: Thailand | DU5: Tunisia | DV5: Turkey | DW5: Ukraine | DX5: United Arab Emirates | DY5: United Kingdom | DZ5: United States | EA5: Uruguay | EB5: Venezuela | EC5: Vietnam | ED5: Grand Total
A6: 6828468.2 | B6: 44136.398 | C6: 44136.412 | D6: =TEXT(C6, "yyyy-mm-dd") -> 2020-11-01 | E6: mobile | F6: iOS | G6: Safari | H6: Belgium | I6: 46 | J6: 1244 | N6: 2020-11-03 | O6: 1992 | P6: 1321 | R6: 3313 | T6: 44138 | U6: 1992 | V6: 1321 | AG6: 2020-11-01 | AS6: 1 | AY6: 1 | CZ6: 2 | DO6: 1 | DQ6: 1 | DV6: 1 | DY6: 1 | DZ6: 6 | ED6: 14
A7: 33027284 | B7: 44136.455 | C7: 44136.463 | D7: =TEXT(C7, "yyyy-mm-dd") -> 2020-11-01 | E7: desktop | F7: Windows | G7: Chrome | H7: United Kingdom | I7: 63 | J7: 724 | N7: 2020-11-04 | O7: 1368 | P7: 623 | Q7: 22 | R7: 2013 | T7: 44139 | U7: 1368 | V7: 623 | W7: 22 | AG7: 2020-11-02 | AQ7: 1 | AV7: 1 | AY7: 7 | BA7: 1 | BU7: 7 | BZ7: 1 | CA7: 1 | CH7: 1 | CL7: 1 | DC7: 1 | DY7: 2 | DZ7: 24 | EC7: 1 | ED7: 49
A8: 38686208 | B8: 44136.428 | C8: 44136.513 | D8: =TEXT(C8, "yyyy-mm-dd") -> 2020-11-01 | E8: desktop | F8: Web | G8: <Other> | H8: Turkey | I8: 60 | J8: 7361 | N8: 2020-11-05 | O8: 975 | P8: 697 | Q8: 120 | R8: 1792 | T8: 44140 | U8: 975 | V8: 697 | W8: 120 | AG8: 2020-11-03 | AH8: 1 | AM8: 1 | AN8: 3 | AY8: 2 | BB8: 1 | BI8: 1 | BM8: 1 | BO8: 1 | BP8: 1 | BS8: 1 | BU8: 4 | CP8: 1 | DG8: 1 | DH8: 1 | DV8: 1 | DZ8: 27 | EC8: 1 | ED8: 49
A9: 4075022.3 | B9: 44136.556 | C9: 44136.558 | D9: =TEXT(C9, "yyyy-mm-dd") -> 2020-11-01 | E9: mobile | F9: Web | G9: Safari | H9: United States | I9: 13 | J9: 244 | N9: 2020-11-06 | O9: 1836 | P9: 1339 | Q9: 263 | R9: 3438 | T9: 44141 | U9: 1836 | V9: 1339 | W9: 263 | AG9: 2020-11-04 | AH9: 1 | AN9: 1 | AY9: 5 | BM9: 1 | BQ9: 1 | BU9: 5 | BX9: 1 | BY9: 1 | CL9: 1 | CV9: 1 | CZ9: 1 | DY9: 13 | DZ9: 11 | EC9: 1 | ED9: 44
A10: 29640693 | B10: 44136.621 | C10: 44136.633 | D10: =TEXT(C10, "yyyy-mm-dd") -> 2020-11-01 | E10: mobile | F10: Web | G10: Android Webview | H10: Peru | I10: 55 | J10: 1104 | N10: 2020-11-07 | O10: 1063 | P10: 1468 | R10: 2531 | T10: 44142 | U10: 1063 | V10: 1468 | AG10: 2020-11-05 | AV10: 1 | AY10: 2 | BF10: 1 | BO10: 1 | BU10: 2 | CM10: 1 | CS10: 1 | DC10: 1 | DJ10: 1 | DN10: 1 | DO10: 1 | DY10: 2 | DZ10: 11 | ED10: 26
A11: 29640693 | B11: 44136.621 | C11: 44136.642 | D11: =TEXT(C11, "yyyy-mm-dd") -> 2020-11-01 | E11: mobile | F11: Web | G11: Android Webview | H11: Peru | I11: 59 | J11: 1861 | N11: 2020-11-08 | O11: 2684 | P11: 892 | Q11: 184 | R11: 3760 | T11: 44143 | U11: 2684 | V11: 892 | W11: 184 | AG11: 2020-11-06 | AK11: 1 | AS11: 1 | AY11: 13 | BA11: 2 | BM11: 1 | BO11: 1 | BU11: 4 | BZ11: 2 | CQ11: 1 | CV11: 1 | DN11: 2 | DO11: 1 | DR11: 1 | DS11: 1 | DZ11: 26 | ED11: 58
A12: 70761379 | B12: 44136.71 | C12: 44136.735 | D12: =TEXT(C12, "yyyy-mm-dd") -> 2020-11-01 | E12: desktop | F12: Web | G12: Chrome | H12: Spain | I12: 32 | J12: 2191 | N12: 2020-11-09 | O12: 1152 | P12: 1002 | R12: 2154 | T12: 44144 | U12: 1152 | V12: 1002 | AG12: 2020-11-07 | AY12: 1 | BS12: 1 | BT12: 1 | BU12: 4 | CN12: 1 | DJ12: 2 | DN12: 1 | DQ12: 1 | DS12: 1 | DV12: 2 | DZ12: 16 | ED12: 31
A13: 68689240 | B13: 44136.726 | C13: 44136.737 | D13: =TEXT(C13, "yyyy-mm-dd") -> 2020-11-01 | E13: desktop | F13: Web | G13: Chrome | H13: United States | I13: 59 | J13: 1026 | N13: 2020-11-10 | O13: 2330 | P13: 1684 | R13: 4014 | T13: 44145 | U13: 2330 | V13: 1684 | AG13: 2020-11-08 | AM13: 1 | AP13: 1 | AY13: 1 | BA13: 2 | BP13: 1 | BU13: 5 | BX13: 1 | DB13: 2 | DC13: 1 | DZ13: 17 | ED13: 32
A14: 7905299838 | B14: 44136.816 | C14: 44136.866 | D14: =TEXT(C14, "yyyy-mm-dd") -> 2020-11-01 | E14: desktop | F14: <Other> | G14: Chrome | H14: United States | I14: 120 | J14: 4254 | N14: 2020-11-11 | O14: 1884 | P14: 2534 | Q14: 10 | R14: 4428 | T14: 44146 | U14: 1884 | V14: 2534 | W14: 10 | AG14: 2020-11-09 | AH14: 2 | AV14: 3 | AY14: 4 | BB14: 1 | BL14: 1 | BO14: 1 | BP14: 1 | BS14: 4 | BU14: 3 | BV14: 2 | BZ14: 1 | CA14: 1 | CN14: 1 | CQ14: 1 | DB14: 1 | DG14: 1 | DJ14: 2 | DO14: 3 | DY14: 1 | DZ14: 18 | ED14: 52
A15: 40765277 | B15: 44136.972 | C15: 44136.975 | D15: =TEXT(C15, "yyyy-mm-dd") -> 2020-11-01 | E15: desktop | F15: Web | G15: Chrome | H15: United States | I15: 48 | J15: 315 | N15: 2020-11-12 | O15: 1740 | P15: 1517 | R15: 3257 | T15: 44147 | U15: 1740 | V15: 1517 | AG15: 2020-11-10 | AH15: 2 | AV15: 1 | AY15: 3 | BA15: 2 | BI15: 1 | BJ15: 1 | BM15: 3 | BO15: 1 | BT15: 1 | BU15: 8 | BZ15: 1 | CA15: 2 | CN15: 1 | DG15: 1 | DH15: 1 | DL15: 1 | DN15: 2 | DS15: 2 | DV15: 1 | DY15: 2 | DZ15: 25 | ED15: 62
A16: 77977792 | B16: 44137.103 | C16: 44137.133 | D16: =TEXT(C16, "yyyy-mm-dd") -> 2020-11-02 | E16: desktop | F16: Web | G16: Chrome | H16: United States | I16: 65 | J16: 2624 | N16: 2020-11-13 | O16: 3203 | P16: 2628 | R16: 5831 | T16: 44148 | U16: 3203 | V16: 2628 | AG16: 2020-11-11 | AH16: 1 | AQ16: 1 | AY16: 9 | BA16: 1 | BM16: 1 | BO16: 2 | BU16: 5 | BY16: 1 | BZ16: 1 | CA16: 1 | CG16: 1 | CL16: 2 | CN16: 1 | CZ16: 1 | DA16: 1 | DG16: 1 | DS16: 2 | DW16: 1 | DY16: 3 | DZ16: 27 | ED16: 63
A17: 77977792 | B17: 44137.103 | C17: 44137.134 | D17: =TEXT(C17, "yyyy-mm-dd") -> 2020-11-02 | E17: desktop | F17: Web | G17: Chrome | H17: United States | I17: 65 | J17: 2695 | N17: 2020-11-14 | O17: 1482 | P17: 856 | R17: 2338 | T17: 44149 | U17: 1482 | V17: 856 | AG17: 2020-11-12 | AY17: 2 | BB17: 1 | BG17: 1 | BM17: 1 | BN17: 1 | BU17: 6 | BX17: 1 | BZ17: 2 | CL17: 2 | CQ17: 2 | DB17: 2 | DL17: 1 | DN17: 3 | DO17: 1 | DS17: 2 | DX17: 1 | DZ17: 23 | ED17: 52
A18: 91518233 | B18: 44137.147 | C18: 44137.157 | D18: =TEXT(C18, "yyyy-mm-dd") -> 2020-11-02 | E18: mobile | F18: Android | G18: Chrome | H18: Canada | I18: 67 | J18: 946 | N18: 2020-11-15 | O18: 1002 | P18: 307 | Q18: 174 | R18: 1483 | T18: 44150 | U18: 1002 | V18: 307 | W18: 174 | AG18: 2020-11-13 | AM18: 1 | AV18: 1 | AY18: 7 | BA18: 1 | BM18: 1 | BO18: 1 | BP18: 2 | BS18: 7 | BU18: 4 | BZ18: 1 | CA18: 1 | CL18: 1 | CP18: 1 | CQ18: 1 | CS18: 1 | CZ18: 1 | DA18: 1 | DC18: 1 | DJ18: 3 | DO18: 3 | DS18: 2 | DV18: 1 | DY18: 2 | DZ18: 34 | ED18: 79
A19: 91518233 | B19: 44137.147 | C19: 44137.165 | D19: =TEXT(C19, "yyyy-mm-dd") -> 2020-11-02 | E19: mobile | F19: Android | G19: Chrome | H19: Canada | I19: 90 | J19: 1583 | N19: 2020-11-16 | O19: 2362 | P19: 2518 | Q19: 96 | R19: 4976 | T19: 44151 | U19: 2362 | V19: 2518 | W19: 96 | AG19: 2020-11-14 | AM19: 1 | AY19: 4 | AZ19: 1 | BA19: 1 | BJ19: 1 | BM19: 2 | BO19: 1 | BU19: 1 | BV19: 1 | BZ19: 1 | CZ19: 1 | DD19: 1 | DG19: 1 | DT19: 1 | DV19: 1 | DY19: 1 | DZ19: 10 | ED19: 30
A20: 5448801.1 | B20: 44137.191 | C20: 44137.2 | D20: =TEXT(C20, "yyyy-mm-dd") -> 2020-11-02 | E20: mobile | F20: iOS | G20: Safari | H20: United States | I20: 38 | J20: 741 | N20: 2020-11-17 | O20: 3827 | P20: 2400 | R20: 6227 | T20: 44152 | U20: 3827 | V20: 2400 | AG20: 2020-11-15 | BA20: 1 | BM20: 2 | BU20: 3 | BX20: 1 | CL20: 1 | CT20: 1 | DO20: 1 | DT20: 1 | DZ20: 10 | ED20: 21
A21: 40418512 | B21: 44137.213 | C21: 44137.22 | D21: =TEXT(C21, "yyyy-mm-dd") -> 2020-11-02 | E21: mobile | F21: Web | G21: <Other> | H21: United States | I21: 24 | J21: 672 | N21: 2020-11-18 | O21: 2499 | P21: 2076 | R21: 4575 | T21: 44153 | U21: 2499 | V21: 2076 | AG21: 2020-11-16 | AY21: 6 | BF21: 1 | BM21: 2 | BU21: 6 | BY21: 2 | CA21: 1 | CD21: 1 | CH21: 1 | CN21: 1 | CR21: 1 | CZ21: 1 | DA21: 1 | DB21: 1 | DK21: 1 | DN21: 1 | DO21: 1 | DT21: 1 | DV21: 1 | DZ21: 35 | EC21: 2 | ED21: 67
A22: 41280452 | B22: 44137.245 | C22: 44137.264 | D22: =TEXT(C22, "yyyy-mm-dd") -> 2020-11-02 | E22: tablet | F22: iOS | G22: Safari | H22: India | I22: 56 | J22: 1665 | N22: 2020-11-19 | O22: 2361 | P22: 3391 | R22: 5752 | T22: 44154 | U22: 2361 | V22: 3391 | AG22: 2020-11-17 | AM22: 1 | AV22: 2 | AY22: 8 | BF22: 1 | BG22: 1 | BM22: 3 | BO22: 2 | BS22: 1 | BU22: 10 | BX22: 1 | BY22: 1 | CA22: 5 | CN22: 4 | CS22: 1 | DA22: 1 | DG22: 1 | DN22: 1 | DO22: 3 | DQ22: 2 | DS22: 3 | DT22: 1 | DU22: 1 | DY22: 2 | DZ22: 41 | EA22: 1 | ED22: 98
A23: 10295268 | B23: 44137.283 | C23: 44137.36 | D23: =TEXT(C23, "yyyy-mm-dd") -> 2020-11-02 | E23: desktop | F23: Web | G23: Chrome | H23: United States | I23: 127 | J23: 6679 | N23: 2020-11-20 | O23: 3566 | P23: 4310 | R23: 7876 | T23: 44155 | U23: 3566 | V23: 4310 | AG23: 2020-11-18 | AY23: 6 | BA23: 1 | BC23: 1 | BM23: 2 | BU23: 7 | BX23: 2 | BZ23: 2 | CQ23: 2 | CS23: 1 | CV23: 1 | DB23: 2 | DJ23: 3 | DY23: 1 | DZ23: 36 | ED23: 67
A24: 10295268 | B24: 44137.283 | C24: 44137.366 | D24: =TEXT(C24, "yyyy-mm-dd") -> 2020-11-02 | E24: desktop | F24: Web | G24: Chrome | H24: United States | I24: 120 | J24: 7218 | N24: 2020-11-21 | O24: 2696 | P24: 1068 | Q24: 366 | R24: 4130 | T24: 44156 | U24: 2696 | V24: 1068 | W24: 366 | AG24: 2020-11-19 | AK24: 1 | AM24: 4 | AY24: 10 | BU24: 6 | BX24: 1 | CL24: 2 | CN24: 4 | CQ24: 4 | CZ24: 2 | DN24: 2 | DO24: 2 | DV24: 6 | DY24: 2 | DZ24: 31 | EC24: 2 | ED24: 79
A25: 10295268 | B25: 44137.283 | C25: 44137.396 | D25: =TEXT(C25, "yyyy-mm-dd") -> 2020-11-02 | E25: desktop | F25: Web | G25: Chrome | H25: United States | I25: 164 | J25: 9774 | N25: 2020-11-22 | O25: 1964 | P25: 1464 | R25: 3428 | T25: 44157 | U25: 1964 | V25: 1464 | AG25: 2020-11-20 | AJ25: 2 | AV25: 4 | AY25: 10 | BA25: 2 | BM25: 2 | BO25: 2 | BU25: 16 | CA25: 4 | CN25: 2 | CQ25: 4 | CV25: 2 | DA25: 2 | DG25: 2 | DO25: 2 | DT25: 2 | DV25: 2 | DY25: 2 | DZ25: 38 | ED25: 100
A26: 10295268 | B26: 44137.283 | C26: 44137.408 | D26: =TEXT(C26, "yyyy-mm-dd") -> 2020-11-02 | E26: desktop | F26: Web | G26: Chrome | H26: United States | I26: 137 | J26: 10791 | N26: 2020-11-23 | O26: 3958 | P26: 3746 | Q26: 778 | R26: 8482 | T26: 44158 | U26: 3958 | V26: 3746 | W26: 778 | AG26: 2020-11-21 | AM26: 2 | BA26: 2 | BM26: 6 | BO26: 2 | BU26: 4 | CA26: 4 | CK26: 2 | DG26: 2 | DS26: 4 | DY26: 2 | DZ26: 36 | ED26: 66
A27: 14297513 | B27: 44137.404 | C27: 44137.412 | D27: =TEXT(C27, "yyyy-mm-dd") -> 2020-11-02 | E27: desktop | F27: Web | G27: Chrome | H27: India | I27: 10 | J27: 703 | N27: 2020-11-24 | O27: 4660 | P27: 3621 | Q27: 60 | R27: 8341 | T27: 44159 | U27: 4660 | V27: 3621 | W27: 60 | AG27: 2020-11-22 | AV27: 2 | AY27: 2 | BA27: 2 | BC27: 2 | BM27: 8 | BU27: 6 | CL27: 2 | CZ27: 2 | DN27: 2 | DS27: 2 | DV27: 4 | DY27: 2 | DZ27: 22 | ED27: 58
A28: 10295268 | B28: 44137.283 | C28: 44137.413 | D28: =TEXT(C28, "yyyy-mm-dd") -> 2020-11-02 | E28: desktop | F28: Web | G28: Chrome | H28: United States | I28: 140 | J28: 11255 | N28: 2020-11-25 | O28: 3079 | P28: 1850 | R28: 4929 | T28: 44160 | U28: 3079 | V28: 1850 | AG28: 2020-11-23 | AH28: 2 | AN28: 2 | AV28: 2 | AW28: 2 | AY28: 8 | AZ28: 2 | BA28: 4 | BM28: 2 | BO28: 2 | BS28: 4 | BU28: 14 | BX28: 2 | BY28: 4 | CN28: 2 | CQ28: 2 | DA28: 2 | DG28: 4 | DJ28: 2 | DO28: 8 | DS28: 4 | DV28: 14 | DZ28: 48 | EC28: 2 | ED28: 138
A29: 8620049.7 | B29: 44137.432 | C29: 44137.443 | D29: =TEXT(C29, "yyyy-mm-dd") -> 2020-11-02 | E29: desktop | F29: Web | G29: Chrome | H29: Malaysia | I29: 51 | J29: 1015 | N29: 2020-11-26 | O29: 1361 | P29: 2324 | R29: 3685 | T29: 44161 | U29: 1361 | V29: 2324 | AG29: 2020-11-24 | AS29: 1 | AW29: 2 | AY29: 6 | BA29: 1 | BH29: 2 | BJ29: 1 | BM29: 6 | BO29: 2 | BU29: 17 | BV29: 2 | BX29: 1 | BZ29: 1 | CF29: 2 | CQ29: 2 | CV29: 3 | CZ29: 6 | DB29: 4 | DJ29: 4 | DN29: 4 | DO29: 1 | DS29: 2 | DT29: 2 | DY29: 6 | DZ29: 42 | ED29: 120
A30: 43435922 | B30: 44137.435 | C30: 44137.448 | D30: =TEXT(C30, "yyyy-mm-dd") -> 2020-11-02 | E30: mobile | F30: Android | G30: Chrome | H30: United States | I30: 162 | J30: 1129 | N30: 2020-11-27 | O30: 3748 | P30: 1931 | Q30: 341 | R30: 6020 | T30: 44162 | U30: 3748 | V30: 1931 | W30: 341 | AG30: 2020-11-25 | AH30: 1 | AM30: 1 | AV30: 1 | AX30: 1 | AY30: 7 | BB30: 1 | BH30: 1 | BM30: 2 | BO30: 2 | BS30: 3 | BU30: 6 | BY30: 2 | CA30: 1 | CM30: 1 | CQ30: 2 | DB30: 5 | DJ30: 2 | DO30: 12 | DP30: 1 | DS30: 1 | DT30: 1 | DW30: 1 | DY30: 3 | DZ30: 16 | EC30: 1 | ED30: 75
A31: 3051995.7 | B31: 44137.469 | C31: 44137.477 | D31: =TEXT(C31, "yyyy-mm-dd") -> 2020-11-02 | E31: desktop | F31: Web | G31: Chrome | H31: India | I31: 32 | J31: 667 | N31: 2020-11-28 | O31: 3033 | P31: 3045 | Q31: 14 | R31: 6092 | T31: 44163 | U31: 3033 | V31: 3045 | W31: 14 | AG31: 2020-11-26 | AH31: 1 | AN31: 1 | AY31: 3 | BB31: 1 | BO31: 1 | BU31: 1 | BX31: 1 | CQ31: 1 | CR31: 1 | CS31: 1 | CZ31: 1 | DN31: 1 | DO31: 3 | DY31: 3 | DZ31: 25 | EC31: 2 | ED31: 47
A32: 7186879.8 | B32: 44137.478 | C32: 44137.485 | D32: =TEXT(C32, "yyyy-mm-dd") -> 2020-11-02 | E32: desktop | F32: Web | G32: Firefox | H32: India | I32: 66 | J32: 610 | N32: 2020-11-29 | O32: 2188 | P32: 1397 | Q32: 277 | R32: 3862 | T32: 44164 | U32: 2188 | V32: 1397 | W32: 277 | AG32: 2020-11-27 | AH32: 2 | AM32: 1 | AN32: 1 | AS32: 1 | AV32: 1 | AY32: 1 | BA32: 4 | BB32: 2 | BG32: 1 | BM32: 2 | BU32: 3 | BV32: 1 | BY32: 1 | BZ32: 1 | CA32: 1 | CN32: 1 | CZ32: 1 | DF32: 1 | DG32: 1 | DJ32: 3 | DN32: 2 | DO32: 4 | DQ32: 1 | DT32: 2 | DV32: 2 | DY32: 5 | DZ32: 43 | ED32: 89
A33: 82592842 | B33: 44137.482 | C33: 44137.489 | D33: =TEXT(C33, "yyyy-mm-dd") -> 2020-11-02 | E33: mobile | F33: Web | G33: Chrome | H33: United States | I33: 24 | J33: 580 | N33: 2020-11-30 | O33: 6623 | P33: 5233 | Q33: 7 | R33: 11863 | T33: 44165 | U33: 6623 | V33: 5233 | W33: 7 | AG33: 2020-11-28 | AH33: 1 | AN33: 2 | AS33: 1 | AY33: 5 | BB33: 1 | BC33: 1 | BL33: 1 | BM33: 2 | BO33: 2 | BP33: 1 | BU33: 8 | CA33: 1 | CL33: 1 | CV33: 1 | DC33: 1 | DG33: 1 | DN33: 1 | DR33: 2 | DS33: 1 | DZ33: 35 | ED33: 69
A34: 5299488.1 | B34: 44137.487 | C34: 44137.496 | D34: =TEXT(C34, "yyyy-mm-dd") -> 2020-11-02 | E34: desktop | F34: Windows | G34: Chrome | H34: Italy | I34: 191 | J34: 729 | N34: 2020-12-01 | O34: 3275 | P34: 2891 | Q34: 62 | R34: 6228 | T34: 44166 | U34: 3275 | V34: 2891 | W34: 62 | AG34: 2020-11-29 | AV34: 1 | AY34: 8 | BG34: 2 | BL34: 1 | BO34: 1 | BU34: 5 | CC34: 1 | CL34: 1 | CN34: 1 | CQ34: 1 | CV34: 1 | CW34: 1 | DF34: 1 | DH34: 1 | DJ34: 1 | DN34: 1 | DP34: 1 | DR34: 1 | DS34: 1 | DT34: 1 | DZ34: 15 | EC34: 2 | ED34: 49
A35: 21503965 | B35: 44137.493 | C35: 44137.5 | D35: =TEXT(C35, "yyyy-mm-dd") -> 2020-11-02 | E35: desktop | F35: Web | G35: Chrome | H35: Bangladesh | I35: 38 | J35: 559 | N35: 2020-12-02 | O35: 2418 | P35: 2684 | Q35: 195 | R35: 5297 | T35: 44167 | U35: 2418 | V35: 2684 | W35: 195 | AG35: 2020-11-30 | AK35: 1 | AM35: 1 | AN35: 1 | AY35: 14 | BA35: 1 | BN35: 3 | BO35: 2 | BP35: 1 | BS35: 2 | BU35: 6 | BX35: 2 | CA35: 3 | CD35: 1 | CL35: 2 | CN35: 1 | CQ35: 4 | DA35: 1 | DB35: 1 | DG35: 1 | DH35: 1 | DN35: 3 | DO35: 1 | DS35: 1 | DV35: 1 | DX35: 1 | DY35: 1 | DZ35: 75 | ED35: 132
A36: 6959133.1 | B36: 44137.496 | C36: 44137.504 | D36: =TEXT(C36, "yyyy-mm-dd") -> 2020-11-02 | E36: mobile | F36: Android | G36: Android Webview | H36: United States | I36: 28 | J36: 691 | N36: 2020-12-03 | O36: 2720 | P36: 1499 | Q36: 41 | R36: 4260 | T36: 44168 | U36: 2720 | V36: 1499 | W36: 41 | AG36: 2020-12-01 | AH36: 1 | AN36: 1 | AV36: 2 | AY36: 6 | BA36: 3 | BB36: 4 | BF36: 1 | BM36: 1 | BO36: 2 | BP36: 1 | BS36: 2 | BU36: 5 | BX36: 1 | BY36: 1 | BZ36: 1 | CD36: 1 | CM36: 1 | CN36: 3 | CQ36: 1 | CS36: 1 | CZ36: 1 | DB36: 1 | DJ36: 2 | DO36: 6 | DS36: 1 | DV36: 2 | DY36: 2 | DZ36: 42 | ED36: 96
A37: 40419717 | B37: 44137.261 | C37: 44137.507 | D37: =TEXT(C37, "yyyy-mm-dd") -> 2020-11-02 | E37: mobile | F37: iOS | G37: Safari | H37: Brazil | I37: 192 | J37: 21266 | N37: 2020-12-04 | O37: 3806 | P37: 2520 | Q37: 108 | R37: 6434 | T37: 44169 | U37: 3806 | V37: 2520 | W37: 108 | AG37: 2020-12-02 | AM37: 2 | AS37: 1 | AV37: 1 | AY37: 4 | BE37: 1 | BH37: 1 | BM37: 3 | BS37: 1 | BU37: 13 | BV37: 1 | BZ37: 4 | CA37: 1 | CN37: 1 | CV37: 1 | CZ37: 1 | DA37: 1 | DG37: 1 | DJ37: 1 | DS37: 2 | DV37: 1 | DW37: 1 | DY37: 5 | DZ37: 31 | ED37: 79
A38: 39443463 | B38: 44137.406 | C38: 44137.517 | D38: =TEXT(C38, "yyyy-mm-dd") -> 2020-11-02 | E38: mobile | F38: iOS | G38: Safari | H38: United States | I38: 58 | J38: 9559 | N38: 2020-12-05 | O38: 3625 | P38: 2544 | Q38: 121 | R38: 6290 | T38: 44170 | U38: 3625 | V38: 2544 | W38: 121 | AG38: 2020-12-03 | AH38: 2 | AM38: 1 | AV38: 3 | AY38: 5 | BA38: 1 | BJ38: 1 | BM38: 1 | BO38: 4 | BU38: 10 | BX38: 1 | CA38: 4 | CI38: 1 | CQ38: 2 | CV38: 1 | DB38: 1 | DG38: 3 | DI38: 1 | DN38: 1 | DO38: 1 | DT38: 1 | DV38: 2 | DY38: 2 | DZ38: 36 | ED38: 85
A39: 5963534.5 | B39: 44137.533 | C39: 44137.541 | D39: =TEXT(C39, "yyyy-mm-dd") -> 2020-11-02 | E39: desktop | F39: Web | G39: Chrome | H39: United States | I39: 10 | J39: 662 | N39: 2020-12-06 | O39: 1629 | P39: 649 | Q39: 50 | R39: 2328 | T39: 44171 | U39: 1629 | V39: 649 | W39: 50 | AG39: 2020-12-04 | AH39: 1 | AV39: 2 | AY39: 15 | BA39: 1 | BF39: 1 | BK39: 1 | BM39: 1 | BO39: 2 | BP39: 2 | BU39: 10 | BY39: 1 | CA39: 3 | CN39: 1 | CP39: 1 | CQ39: 1 | CZ39: 2 | DA39: 2 | DN39: 1 | DO39: 2 | DP39: 1 | DQ39: 1 | DV39: 1 | DZ39: 39 | ED39: 92
A40: 5963534.5 | B40: 44137.533 | C40: 44137.544 | D40: =TEXT(C40, "yyyy-mm-dd") -> 2020-11-02 | E40: desktop | F40: Web | G40: Chrome | H40: United States | I40: 10 | J40: 943 | N40: 2020-12-07 | O40: 5885 | P40: 2287 | Q40: 46 | R40: 8218 | T40: 44172 | U40: 5885 | V40: 2287 | W40: 46 | AG40: 2020-12-05 | AN40: 1 | AS40: 3 | AY40: 5 | BA40: 6 | BM40: 2 | BO40: 2 | BU40: 6 | BW40: 1 | BX40: 1 | BY40: 1 | BZ40: 3 | CN40: 3 | CO40: 1 | CQ40: 1 | CZ40: 1 | DC40: 1 | DG40: 3 | DH40: 1 | DN40: 1 | DO40: 2 | DQ40: 1 | DR40: 1 | DS40: 2 | DY40: 3 | DZ40: 32 | ED40: 84
A41: 5963534.5 | B41: 44137.533 | C41: 44137.546 | D41: =TEXT(C41, "yyyy-mm-dd") -> 2020-11-02 | E41: desktop | F41: Web | G41: Chrome | H41: United States | I41: 10 | J41: 1137 | N41: 2020-12-08 | O41: 4349 | P41: 3433 | Q41: 415 | R41: 8197 | T41: 44173 | U41: 4349 | V41: 3433 | W41: 415 | AG41: 2020-12-06 | AN41: 1 | AY41: 6 | BA41: 1 | BB41: 1 | BG41: 1 | BR41: 1 | BS41: 1 | BU41: 5 | CV41: 1 | DH41: 1 | DR41: 1 | DS41: 1 | DY41: 1 | DZ41: 19 | ED41: 41
A42: 5963534.5 | B42: 44137.533 | C42: 44137.549 | D42: =TEXT(C42, "yyyy-mm-dd") -> 2020-11-02 | E42: desktop | F42: Web | G42: Chrome | H42: United States | I42: 10 | J42: 1404 | N42: 2020-12-09 | O42: 6693 | P42: 3951 | Q42: 267 | R42: 10911 | T42: 44174 | U42: 6693 | V42: 3951 | W42: 267 | AG42: 2020-12-07 | AH42: 1 | AK42: 2 | AV42: 2 | AY42: 3 | BA42: 2 | BM42: 4 | BP42: 2 | BS42: 1 | BU42: 11 | BV42: 2 | BZ42: 2 | CA42: 1 | CL42: 2 | CN42: 9 | CQ42: 1 | CV42: 1 | DG42: 1 | DO42: 2 | DP42: 1 | DT42: 2 | DV42: 4 | DY42: 3 | DZ42: 43 | EA42: 1 | EC42: 1 | ED42: 104
A43: 1482564.4 | B43: 44137.419 | C43: 44137.6 | D43: =TEXT(C43, "yyyy-mm-dd") -> 2020-11-02 | E43: desktop | F43: Macintosh | G43: Chrome | H43: United States | I43: 151 | J43: 15623 | N43: 2020-12-10 | O43: 5326 | P43: 4576 | Q43: 56 | R43: 9958 | T43: 44175 | U43: 5326 | V43: 4576 | W43: 56 | AG43: 2020-12-08 | AM43: 2 | AQ43: 2 | AU43: 1 | AW43: 1 | AY43: 8 | BK43: 1 | BM43: 3 | BS43: 2 | BU43: 6 | BV43: 2 | BW43: 1 | BY43: 1 | BZ43: 2 | CA43: 3 | CL43: 1 | CN43: 1 | CQ43: 1 | CR43: 1 | DB43: 1 | DE43: 1 | DG43: 1 | DJ43: 2 | DN43: 2 | DO43: 3 | DR43: 1 | DS43: 5 | DT43: 1 | DY43: 10 | DZ43: 49 | EC43: 1 | ED43: 116
A44: 4941025.1 | B44: 44137.272 | C44: 44137.64 | D44: =TEXT(C44, "yyyy-mm-dd") -> 2020-11-02 | E44: desktop | F44: Web | G44: Chrome | H44: United States | I44: 86 | J44: 31795 | N44: 2020-12-11 | O44: 5665 | P44: 3978 | Q44: 56 | R44: 9699 | T44: 44176 | U44: 5665 | V44: 3978 | W44: 56 | AG44: 2020-12-09 | AM44: 2 | AQ44: 1 | AV44: 2 | AY44: 9 | BA44: 2 | BB44: 11 | BK44: 1 | BL44: 1 | BM44: 5 | BO44: 2 | BP44: 1 | BU44: 19 | BZ44: 4 | CA44: 1 | CL44: 1 | DB44: 2 | DC44: 1 | DG44: 1 | DI44: 1 | DJ44: 2 | DL44: 3 | DN44: 1 | DO44: 1 | DQ44: 2 | DS44: 1 | DV44: 4 | DY44: 3 | DZ44: 61 | EA44: 1 | EC44: 1 | ED44: 147
A45: 1525779.3 | B45: 44137.234 | C45: 44137.656 | D45: =TEXT(C45, "yyyy-mm-dd") -> 2020-11-02 | E45: mobile | F45: Web | G45: Safari | H45: Lebanon | I45: 175 | J45: 36393 | N45: 2020-12-12 | O45: 4315 | P45: 1921 | R45: 6236 | T45: 44177 | U45: 4315 | V45: 1921 | AG45: 2020-12-10 | AH45: 1 | AM45: 1 | AV45: 1 | AY45: 6 | BA45: 6 | BB45: 5 | BG45: 1 | BO45: 6 | BU45: 14 | BX45: 1 | CA45: 5 | CG45: 1 | CN45: 1 | CQ45: 1 | CV45: 1 | DB45: 2 | DG45: 2 | DJ45: 1 | DL45: 1 | DO45: 2 | DS45: 3 | DT45: 2 | DU45: 1 | DV45: 2 | DW45: 2 | DY45: 3 | DZ45: 56 | EC45: 1 | ED45: 129
A46: 3002649.3 | B46: 44137.664 | C46: 44137.667 | D46: =TEXT(C46, "yyyy-mm-dd") -> 2020-11-02 | E46: mobile | F46: Web | G46: Chrome | H46: United States | I46: 35 | J46: 263 | N46: 2020-12-13 | O46: 2883 | P46: 1512 | R46: 4395 | T46: 44178 | U46: 2883 | V46: 1512 | AG46: 2020-12-11 | AK46: 1 | AM46: 2 | AQ46: 1 | AY46: 12 | BA46: 3 | BH46: 1 | BJ46: 1 | BL46: 1 | BM46: 1 | BO46: 2 | BT46: 2 | BU46: 18 | BX46: 2 | BZ46: 1 | CA46: 1 | CF46: 1 | CL46: 2 | CM46: 1 | CN46: 3 | CQ46: 1 | DA46: 3 | DB46: 2 | DD46: 2 | DG46: 2 | DJ46: 1 | DK46: 1 | DN46: 1 | DO46: 2 | DQ46: 1 | DR46: 1 | DS46: 2 | DT46: 1 | DU46: 1 | DV46: 4 | DW46: 1 | DY46: 5 | DZ46: 61 | ED46: 148
A47: 5649103.1 | B47: 44137.408 | C47: 44137.685 | D47: =TEXT(C47, "yyyy-mm-dd") -> 2020-11-02 | E47: mobile | F47: Web | G47: Safari | H47: China | I47: 93 | J47: 23937 | N47: 2020-12-14 | O47: 4687 | P47: 3687 | Q47: 105 | R47: 8479 | T47: 44179 | U47: 4687 | V47: 3687 | W47: 105 | AG47: 2020-12-12 | AY47: 8 | BA47: 2 | BF47: 1 | BG47: 1 | BM47: 3 | BO47: 6 | BT47: 1 | BU47: 11 | BV47: 2 | BX47: 1 | CA47: 2 | CQ47: 1 | DG47: 1 | DL47: 2 | DO47: 3 | DS47: 3 | DT47: 1 | DV47: 1 | DW47: 1 | DY47: 2 | DZ47: 47 | ED47: 100
A48: 87326377 | B48: 44137.568 | C48: 44137.693 | D48: =TEXT(C48, "yyyy-mm-dd") -> 2020-11-02 | E48: desktop | F48: Web | G48: Chrome | H48: United States | I48: 212 | J48: 10839 | N48: 2020-12-15 | O48: 6408 | P48: 3182 | Q48: 32 | R48: 9622 | T48: 44180 | U48: 6408 | V48: 3182 | W48: 32 | AG48: 2020-12-13 | AK48: 1 | AY48: 6 | BM48: 3 | BO48: 1 | BU48: 7 | BX48: 1 | CA48: 1 | CK48: 1 | CQ48: 1 | DG48: 1 | DN48: 1 | DP48: 1 | DQ48: 1 | DV48: 1 | DY48: 2 | DZ48: 36 | EA48: 3 | ED48: 68
A49: 51248672 | B49: 44137.656 | C49: 44137.736 | D49: =TEXT(C49, "yyyy-mm-dd") -> 2020-11-02 | E49: desktop | F49: Windows | G49: Chrome | H49: Canada | I49: 998 | J49: 6859 | N49: 2020-12-16 | O49: 7129 | P49: 3571 | Q49: 160 | R49: 10860 | T49: 44181 | U49: 7129 | V49: 3571 | W49: 160 | AG49: 2020-12-14 | AH49: 1 | AM49: 1 | AY49: 11 | BA49: 1 | BF49: 1 | BM49: 1 | BN49: 1 | BO49: 1 | BP49: 1 | BU49: 7 | CN49: 1 | CQ49: 1 | CU49: 1 | DC49: 1 | DJ49: 2 | DM49: 1 | DO49: 1 | DR49: 1 | DV49: 2 | DX49: 1 | DY49: 5 | DZ49: 49 | EC49: 1 | ED49: 93
A50: 7128823.2 | B50: 44137.748 | C50: 44137.753 | D50: =TEXT(C50, "yyyy-mm-dd") -> 2020-11-02 | E50: desktop | F50: <Other> | G50: Chrome | H50: Portugal | I50: 170 | J50: 368 | N50: 2020-12-17 | O50: 3087 | P50: 3595 | Q50: 15 | R50: 6697 | T50: 44182 | U50: 3087 | V50: 3595 | W50: 15 | AG50: 2020-12-15 | AH50: 1 | AK50: 2 | AM50: 1 | AN50: 1 | AR50: 1 | AT50: 1 | AV50: 1 | AY50: 14 | BA50: 2 | BF50: 2 | BG50: 1 | BM50: 3 | BN50: 2 | BP50: 6 | BS50: 1 | BU50: 12 | BV50: 1 | BZ50: 3 | CA50: 3 | CZ50: 1 | DA50: 1 | DB50: 3 | DC50: 1 | DG50: 2 | DJ50: 3 | DN50: 1 | DO50: 3 | DQ50: 1 | DS50: 1 | DT50: 1 | DV50: 3 | DY50: 2 | DZ50: 49 | EC50: 1 | ED50: 131
A51: 62738775 | B51: 44137.783 | C51: 44137.788 | D51: =TEXT(C51, "yyyy-mm-dd") -> 2020-11-02 | E51: mobile | F51: iOS | G51: Safari | H51: India | I51: 58 | J51: 423 | N51: 2020-12-18 | O51: 3856 | P51: 2501 | Q51: 79 | R51: 6436 | T51: 44183 | U51: 3856 | V51: 2501 | W51: 79 | AG51: 2020-12-16 | AH51: 3 | AM51: 4 | AV51: 1 | AY51: 8 | BA51: 1 | BJ51: 1 | BM51: 5 | BO51: 2 | BU51: 19 | BX51: 3 | BZ51: 2 | CF51: 1 | CI51: 2 | DC51: 1 | DJ51: 1 | DN51: 2 | DO51: 1 | DQ51: 1 | DR51: 3 | DT51: 1 | DW51: 1 | DY51: 3 | DZ51: 74 | ED51: 140
A52: 88155637 | B52: 44137.793 | C52: 44137.8 | D52: =TEXT(C52, "yyyy-mm-dd") -> 2020-11-02 | E52: desktop | F52: Web | G52: Chrome | H52: United States | I52: 58 | J52: 581 | N52: 2020-12-19 | O52: 1097 | P52: 1362 | R52: 2459 | T52: 44184 | U52: 1097 | V52: 1362 | AG52: 2020-12-17 | AH52: 1 | AM52: 2 | AV52: 1 | AY52: 5 | BA52: 2 | BD52: 1 | BF52: 1 | BM52: 1 | BO52: 2 | BP52: 4 | BU52: 10 | CA52: 2 | CN52: 1 | DA52: 1 | DG52: 1 | DI52: 1 | DJ52: 10 | DN52: 1 | DO52: 2 | DR52: 1 | DS52: 4 | DV52: 1 | DW52: 1 | DX52: 2 | DY52: 2 | DZ52: 64 | ED52: 124
A53: 31613618 | B53: 44137.814 | C53: 44137.818 | D53: =TEXT(C53, "yyyy-mm-dd") -> 2020-11-02 | E53: desktop | F53: Macintosh | G53: Chrome | H53: United Kingdom | I53: 59 | J53: 374 | N53: 2020-12-20 | O53: 1013 | P53: 386 | R53: 1399 | T53: 44185 | U53: 1013 | V53: 386 | AG53: 2020-12-18 | AV53: 1 | AW53: 1 | AY53: 6 | AZ53: 1 | BA53: 1 | BO53: 2 | BU53: 9 | BV53: 1 | BX53: 1 | BY53: 1 | BZ53: 1 | CA53: 1 | CN53: 2 | CP53: 2 | CQ53: 1 | DB53: 1 | DG53: 1 | DJ53: 4 | DN53: 1 | DO53: 3 | DQ53: 3 | DR53: 1 | DW53: 1 | DX53: 1 | DY53: 1 | DZ53: 56 | ED53: 104
A54: 68765362 | B54: 44137.814 | C54: 44137.819 | D54: =TEXT(C54, "yyyy-mm-dd") -> 2020-11-02 | E54: desktop | F54: Web | G54: Safari | H54: India | I54: 55 | J54: 437 | N54: 2020-12-21 | O54: 2415 | P54: 811 | Q54: 203 | R54: 3429 | T54: 44186 | U54: 2415 | V54: 811 | W54: 203 | AG54: 2020-12-19 | AM54: 2 | AQ54: 1 | AV54: 1 | AY54: 6 | BA54: 2 | BF54: 6 | BS54: 1 | BU54: 4 | BZ54: 4 | CA54: 1 | DB54: 1 | DC54: 1 | DO54: 1 | DQ54: 1 | DS54: 1 | DY54: 3 | DZ54: 13 | ED54: 49
A55: 5906845.8 | B55: 44137.812 | C55: 44137.82 | D55: =TEXT(C55, "yyyy-mm-dd") -> 2020-11-02 | E55: desktop | F55: Web | G55: Safari | H55: United States | I55: 34 | J55: 710 | N55: 2020-12-22 | O55: 2010 | P55: 1055 | Q55: 42 | R55: 3107 | T55: 44187 | U55: 2010 | V55: 1055 | W55: 42 | AG55: 2020-12-20 | AY55: 1 | BO55: 1 | BU55: 2 | CF55: 2 | CN55: 1 | CQ55: 1 | DY55: 2 | DZ55: 9 | ED55: 19
A56: 7853261.6 | B56: 44137.854 | C56: 44137.865 | D56: =TEXT(C56, "yyyy-mm-dd") -> 2020-11-02 | E56: mobile | F56: iOS | G56: Safari | H56: United Kingdom | I56: 42 | J56: 962 | N56: 2020-12-23 | O56: 2702 | P56: 1716 | R56: 4418 | T56: 44188 | U56: 2702 | V56: 1716 | AG56: 2020-12-21 | AJ56: 1 | AM56: 1 | AN56: 1 | AY56: 5 | BA56: 2 | BM56: 2 | BO56: 2 | BU56: 3 | BV56: 3 | BW56: 1 | CA56: 2 | CL56: 1 | CQ56: 2 | DC56: 1 | DJ56: 2 | DO56: 1 | DV56: 1 | DY56: 1 | DZ56: 19 | ED56: 51
A57: 1441375.7 | B57: 44137.861 | C57: 44137.87 | D57: =TEXT(C57, "yyyy-mm-dd") -> 2020-11-02 | E57: desktop | F57: Web | G57: Chrome | H57: United States | I57: 55 | J57: 778 | N57: 2020-12-24 | O57: 843 | P57: 368 | Q57: 101 | R57: 1312 | T57: 44189 | U57: 843 | V57: 368 | W57: 101 | AG57: 2020-12-22 | AI57: 1 | AN57: 2 | AV57: 1 | AY57: 5 | BA57: 2 | BG57: 1 | BH57: 1 | BJ57: 1 | BO57: 1 | BS57: 1 | BU57: 4 | BV57: 1 | BZ57: 3 | CR57: 1 | DC57: 1 | DI57: 1 | DJ57: 1 | DS57: 1 | DT57: 1 | DY57: 6 | DZ57: 19 | ED57: 55
A58: 7644155580 | B58: 44137.902 | C58: 44137.912 | D58: =TEXT(C58, "yyyy-mm-dd") -> 2020-11-02 | E58: mobile | F58: Web | G58: Chrome | H58: Canada | I58: 83 | J58: 799 | N58: 2020-12-25 | O58: 288 | P58: 264 | R58: 552 | T58: 44190 | U58: 288 | V58: 264 | AG58: 2020-12-23 | AV58: 2 | AY58: 9 | BB58: 2 | BG58: 1 | BU58: 11 | CA58: 2 | CL58: 1 | CQ58: 1 | CS58: 1 | CV58: 1 | DB58: 1 | DN58: 1 | DO58: 2 | DR58: 3 | DY58: 1 | DZ58: 28 | ED58: 67
A59: 89492717 | B59: 44137.919 | C59: 44137.922 | D59: =TEXT(C59, "yyyy-mm-dd") -> 2020-11-02 | E59: desktop | F59: Web | G59: Edge | H59: Vietnam | I59: 49 | J59: 229 | N59: 2020-12-26 | O59: 266 | P59: 450 | R59: 716 | T59: 44191 | U59: 266 | V59: 450 | AG59: 2020-12-24 | AH59: 1 | AM59: 1 | AY59: 2 | AZ59: 2 | BB59: 1 | BU59: 2 | CT59: 1 | DH59: 1 | DZ59: 12 | ED59: 23
A60: 83008566 | B60: 44137.93 | C60: 44137.934 | D60: =TEXT(C60, "yyyy-mm-dd") -> 2020-11-02 | E60: desktop | F60: Macintosh | G60: Chrome | H60: Canada | I60: 85 | J60: 335 | N60: 2020-12-27 | O60: 609 | P60: 504 | Q60: 48 | R60: 1161 | T60: 44192 | U60: 609 | V60: 504 | W60: 48 | AG60: 2020-12-25 | AV60: 1 | AY60: 2 | BG60: 1 | BM60: 1 | BU60: 1 | CY60: 1 | DS60: 1 | DV60: 1 | DZ60: 7 | ED60: 16
A61: 76792645 | B61: 44137.927 | C61: 44137.935 | D61: =TEXT(C61, "yyyy-mm-dd") -> 2020-11-02 | E61: desktop | F61: Web | G61: Firefox | H61: India | I61: 50 | J61: 672 | N61: 2020-12-28 | O61: 1570 | P61: 497 | Q61: 30 | R61: 2097 | T61: 44193 | U61: 1570 | V61: 497 | W61: 30 | AG61: 2020-12-26 | AY61: 3 | BB61: 1 | BM61: 1 | BU61: 4 | BZ61: 1 | DG61: 1 | DY61: 1 | DZ61: 3 | ED61: 15
A62: 69986146 | B62: 44137.955 | C62: 44137.978 | D62: =TEXT(C62, "yyyy-mm-dd") -> 2020-11-02 | E62: desktop | F62: Web | G62: Chrome | H62: Japan | I62: 20 | J62: 2065 | N62: 2020-12-29 | O62: 1080 | P62: 272 | Q62: 16 | R62: 1368 | T62: 44194 | U62: 1080 | V62: 272 | W62: 16 | AG62: 2020-12-27 | AV62: 2 | AY62: 3 | BO62: 1 | BU62: 1 | BX62: 1 | CQ62: 1 | DY62: 1 | DZ62: 10 | ED62: 20
A63: 1534773.3 | B63: 44137.932 | C63: 44137.979 | D63: =TEXT(C63, "yyyy-mm-dd") -> 2020-11-02 | E63: mobile | F63: Android | G63: Firefox | H63: Canada | I63: 103 | J63: 4072 | N63: 2020-12-30 | O63: 1290 | P63: 264 | Q63: 50 | R63: 1604 | T63: 44195 | U63: 1290 | V63: 264 | W63: 50 | AG63: 2020-12-28 | AQ63: 1 | AY63: 2 | BA63: 2 | BO63: 1 | BU63: 3 | CA63: 1 | CQ63: 3 | DB63: 1 | DC63: 1 | DJ63: 2 | DO63: 1 | DY63: 1 | DZ63: 16 | ED63: 35
A64: 1534773.3 | B64: 44137.932 | C64: 44137.99 | D64: =TEXT(C64, "yyyy-mm-dd") -> 2020-11-02 | E64: mobile | F64: Android | G64: Firefox | H64: Canada | I64: 133 | J64: 4966 | N64: 2020-12-31 | O64: 2369 | P64: 171 | Q64: 55 | R64: 2595 | T64: 44196 | U64: 2369 | V64: 171 | W64: 55 | AG64: 2020-12-29 | AS64: 1 | AY64: 2 | BO64: 1 | BU64: 3 | BZ64: 2 | DS64: 1 | DY64: 1 | DZ64: 12 | ED64: 23
A65: 81444981 | B65: 44138.004 | C65: 44138.009 | D65: =TEXT(C65, "yyyy-mm-dd") -> 2020-11-03 | E65: mobile | F65: Web | G65: Safari | H65: United States | I65: 88 | J65: 442 | N65: 2021-01-01 | O65: 558 | P65: 280 | Q65: 137 | R65: 975 | T65: 44197 | U65: 558 | V65: 280 | W65: 137 | AG65: 2020-12-30 | AV65: 1 | AY65: 2 | AZ65: 1 | BA65: 1 | BM65: 2 | BO65: 1 | BU65: 2 | BV65: 1 | CN65: 1 | DS65: 1 | DY65: 3 | DZ65: 6 | ED65: 22
A66: 11258187 | B66: 44138.036 | C66: 44138.052 | D66: =TEXT(C66, "yyyy-mm-dd") -> 2020-11-03 | E66: desktop | F66: Web | G66: Chrome | H66: United States | I66: 13 | J66: 1418 | N66: 2021-01-02 | O66: 634 | P66: 350 | Q66: 42 | R66: 1026 | T66: 44198 | U66: 634 | V66: 350 | W66: 42 | AG66: 2020-12-31 | AH66: 1 | AY66: 1 | BQ66: 1 | BU66: 2 | CA66: 1 | DA66: 2 | DJ66: 1 | DO66: 3 | DY66: 2 | DZ66: 11 | ED66: 25
A67: 52110755 | B67: 44138.05 | C67: 44138.057 | D67: =TEXT(C67, "yyyy-mm-dd") -> 2020-11-03 | E67: desktop | F67: Macintosh | G67: Chrome | H67: (not set) | I67: 35 | J67: 570 | N67: 2021-01-03 | O67: 346 | P67: 206 | R67: 552 | T67: 44199 | U67: 346 | V67: 206 | AG67: 2021-01-01 | AH67: 1 | AV67: 1 | BU67: 1 | BY67: 1 | CA67: 1 | DA67: 1 | DC67: 1 | DZ67: 7 | ED67: 14
A68: 43166185 | B68: 44138.089 | C68: 44138.096 | D68: =TEXT(C68, "yyyy-mm-dd") -> 2020-11-03 | E68: desktop | F68: Web | G68: Chrome | H68: United States | I68: 17 | J68: 631 | N68: 2021-01-04 | O68: 377 | P68: 301 | Q68: 42 | R68: 720 | T68: 44200 | U68: 377 | V68: 301 | W68: 42 | AG68: 2021-01-02 | AY68: 1 | BI68: 1 | BJ68: 1 | BU68: 2 | DZ68: 8 | ED68: 13
A69: 51622009 | B69: 44138.124 | C69: 44138.134 | D69: =TEXT(C69, "yyyy-mm-dd") -> 2020-11-03 | E69: desktop | F69: Web | G69: Chrome | H69: Ecuador | I69: 141 | J69: 914 | N69: 2021-01-05 | O69: 585 | P69: 558 | R69: 1143 | T69: 44201 | U69: 585 | V69: 558 | AG69: 2021-01-03 | AH69: 1 | BA69: 1 | BB69: 1 | BM69: 1 | BO69: 1 | BS69: 1 | CN69: 1 | DG69: 1 | DS69: 1 | DZ69: 4 | ED69: 13
A70: 45473624 | B70: 44138.148 | C70: 44138.159 | D70: =TEXT(C70, "yyyy-mm-dd") -> 2020-11-03 | E70: mobile | F70: Web | G70: Safari | H70: United States | I70: 27 | J70: 894 | N70: 2021-01-06 | O70: 1316 | P70: 597 | Q70: 63 | R70: 1976 | T70: 44202 | U70: 1316 | V70: 597 | W70: 63 | AG70: 2021-01-04 | AY70: 2 | BB70: 1 | BU70: 1 | CL70: 1 | CQ70: 1 | DO70: 1 | DX70: 1 | DZ70: 6 | ED70: 14
A71: 7576757.5 | B71: 44138.151 | C71: 44138.16 | D71: =TEXT(C71, "yyyy-mm-dd") -> 2020-11-03 | E71: desktop | F71: Web | G71: Safari | H71: United States | I71: 35 | J71: 805 | N71: 2021-01-07 | O71: 943 | P71: 493 | R71: 1436 | T71: 44203 | U71: 943 | V71: 493 | AG71: 2021-01-05 | AY71: 2 | BA71: 1 | BC71: 1 | BZ71: 1 | CA71: 1 | CN71: 1 | DB71: 2 | DD71: 1 | DS71: 2 | DX71: 1 | DZ71: 15 | ED71: 28
A72: 2817763 | B72: 44138.163 | C72: 44138.17 | D72: =TEXT(C72, "yyyy-mm-dd") -> 2020-11-03 | E72: desktop | F72: Windows | G72: Chrome | H72: Vietnam | I72: 50 | J72: 654 | N72: 2021-01-08 | O72: 1000 | P72: 671 | R72: 1671 | T72: 44204 | U72: 1000 | V72: 671 | AG72: 2021-01-06 | AH72: 1 | AM72: 4 | AY72: 2 | BL72: 1 | BO72: 1 | BS72: 1 | BU72: 2 | BV72: 1 | BZ72: 1 | CQ72: 1 | DD72: 1 | DO72: 3 | DV72: 1 | DY72: 2 | DZ72: 8 | ED72: 30
A73: 6674901.1 | B73: 44138.162 | C73: 44138.172 | D73: =TEXT(C73, "yyyy-mm-dd") -> 2020-11-03 | E73: desktop | F73: Web | G73: Chrome | H73: Russia | I73: 30 | J73: 864 | N73: 2021-01-09 | O73: 918 | P73: 445 | R73: 1363 | T73: 44205 | U73: 918 | V73: 445 | AG73: 2021-01-07 | AM73: 1 | AV73: 1 | AY73: 1 | BM73: 1 | BQ73: 1 | BU73: 2 | DO73: 1 | DS73: 1 | DV73: 1 | DY73: 1 | DZ73: 11 | ED73: 22
A74: 5969629.1 | B74: 44138.171 | C74: 44138.192 | D74: =TEXT(C74, "yyyy-mm-dd") -> 2020-11-03 | E74: desktop | F74: Web | G74: Chrome | H74: United States | I74: 24 | J74: 1758 | N74: 2021-01-10 | O74: 721 | P74: 253 | R74: 974 | T74: 44206 | U74: 721 | V74: 253 | AG74: 2021-01-08 | AM74: 1 | AY74: 4 | BA74: 1 | BM74: 1 | BV74: 1 | CA74: 1 | DO74: 1 | DS74: 1 | DY74: 3 | DZ74: 16 | ED74: 30
A75: 484269875 | B75: 44138.195 | C75: 44138.211 | D75: =TEXT(C75, "yyyy-mm-dd") -> 2020-11-03 | E75: desktop | F75: Web | G75: Chrome | H75: United States | I75: 130 | J75: 1336 | N75: 2021-01-11 | O75: 918 | P75: 527 | Q75: 13 | R75: 1458 | T75: 44207 | U75: 918 | V75: 527 | W75: 13 | AG75: 2021-01-09 | AZ75: 1 | BB75: 1 | BP75: 1 | BS75: 1 | BU75: 2 | CZ75: 1 | DL75: 1 | DY75: 1 | DZ75: 10 | ED75: 19
A76: 16187715 | B76: 44138.191 | C76: 44138.212 | D76: =TEXT(C76, "yyyy-mm-dd") -> 2020-11-03 | E76: mobile | F76: Android | G76: Chrome | H76: Germany | I76: 55 | J76: 1828 | N76: 2021-01-12 | O76: 1457 | P76: 918 | Q76: 172 | R76: 2547 | T76: 44208 | U76: 1457 | V76: 918 | W76: 172 | AG76: 2021-01-10 | AY76: 1 | BA76: 1 | BP76: 1 | DA76: 1 | DB76: 1 | DS76: 1 | DY76: 1 | DZ76: 7 | ED76: 14
A77: 9130640.2 | B77: 44138.129 | C77: 44138.215 | D77: =TEXT(C77, "yyyy-mm-dd") -> 2020-11-03 | E77: desktop | F77: Windows | G77: Chrome | H77: United States | I77: 56 | J77: 7457 | N77: 2021-01-13 | O77: 1079 | P77: 779 | R77: 1858 | T77: 44209 | U77: 1079 | V77: 779 | AG77: 2021-01-11 | AM77: 1 | AY77: 3 | BM77: 2 | BO77: 1 | BU77: 1 | BV77: 1 | CQ77: 1 | CZ77: 1 | DY77: 3 | DZ77: 12 | ED77: 26
A78: 4050591.5 | B78: 44138.224 | C78: 44138.226 | D78: =TEXT(C78, "yyyy-mm-dd") -> 2020-11-03 | E78: mobile | F78: Web | G78: Safari | H78: United States | I78: 32 | J78: 172 | N78: 2021-01-14 | O78: 1270 | P78: 1988 | R78: 3258 | T78: 44210 | U78: 1270 | V78: 1988 | AG78: 2021-01-12 | AN78: 2 | AV78: 1 | AY78: 4 | BA78: 1 | BO78: 1 | BU78: 5 | CA78: 1 | CW78: 1 | CZ78: 1 | DA78: 1 | DM78: 1 | DY78: 1 | DZ78: 25 | EB78: 1 | ED78: 46
A79: 3855098782 | B79: 44138.223 | C79: 44138.229 | D79: =TEXT(C79, "yyyy-mm-dd") -> 2020-11-03 | E79: mobile | F79: iOS | G79: Safari | H79: India | I79: 90 | J79: 461 | N79: 2021-01-15 | O79: 977 | P79: 1024 | Q79: 70 | R79: 2071 | T79: 44211 | U79: 977 | V79: 1024 | W79: 70 | AG79: 2021-01-13 | AY79: 4 | BO79: 2 | BS79: 1 | BZ79: 2 | CA79: 1 | CL79: 1 | CQ79: 1 | DJ79: 1 | DS79: 1 | DY79: 1 | DZ79: 19 | ED79: 34
A80: 70711301 | B80: 44138.247 | C80: 44138.251 | D80: =TEXT(C80, "yyyy-mm-dd") -> 2020-11-03 | E80: mobile | F80: Web | G80: Safari | H80: India | I80: 11 | J80: 316 | N80: 2021-01-16 | O80: 511 | P80: 950 | R80: 1461 | T80: 44212 | U80: 511 | V80: 950 | AG80: 2021-01-14 | AN80: 1 | AV80: 1 | AW80: 1 | AY80: 14 | AZ80: 2 | BM80: 3 | BO80: 1 | BP80: 1 | BU80: 3 | BZ80: 1 | DN80: 1 | DO80: 1 | DS80: 1 | DT80: 2 | DV80: 1 | DY80: 1 | DZ80: 13 | ED80: 48
A81: 25060616 | B81: 44138.248 | C81: 44138.256 | D81: =TEXT(C81, "yyyy-mm-dd") -> 2020-11-03 | E81: desktop | F81: Web | G81: Chrome | H81: Canada | I81: 68 | J81: 680 | N81: 2021-01-17 | O81: 326 | P81: 155 | R81: 481 | T81: 44213 | U81: 326 | V81: 155 | AG81: 2021-01-15 | AH81: 1 | AY81: 3 | BB81: 1 | BU81: 1 | BX81: 1 | CL81: 1 | CV81: 2 | CZ81: 1 | DC81: 1 | DF81: 1 | DG81: 1 | DJ81: 1 | DO81: 10 | DY81: 3 | DZ81: 14 | ED81: 42
A82: 8606659.8 | B82: 44138.163 | C82: 44138.259 | D82: =TEXT(C82, "yyyy-mm-dd") -> 2020-11-03 | E82: desktop | F82: Web | G82: Chrome | H82: United States | I82: 12 | J82: 8358 | N82: 2021-01-18 | O82: 562 | P82: 661 | R82: 1223 | T82: 44214 | U82: 562 | V82: 661 | AG82: 2021-01-16 | AY82: 5 | BA82: 2 | BM82: 1 | BU82: 4 | CN82: 1 | CQ82: 1 | DN82: 1 | DO82: 1 | DX82: 2 | DZ82: 6 | ED82: 24
A83: 44771210 | B83: 44138.244 | C83: 44138.284 | D83: =TEXT(C83, "yyyy-mm-dd") -> 2020-11-03 | E83: desktop | F83: Web | G83: Chrome | H83: United States | I83: 69 | J83: 3378 | N83: 2021-01-19 | O83: 1192 | P83: 1099 | Q83: 265 | R83: 2556 | T83: 44215 | U83: 1192 | V83: 1099 | W83: 265 | AG83: 2021-01-17 | AY83: 1 | BB83: 1 | BO83: 1 | BU83: 1 | CA83: 1 | DZ83: 6 | EC83: 1 | ED83: 12
A84: 53709875 | B84: 44138.3 | C84: 44138.313 | D84: =TEXT(C84, "yyyy-mm-dd") -> 2020-11-03 | E84: mobile | F84: Web | G84: Chrome | H84: United States | I84: 279 | J84: 1096 | N84: 2021-01-20 | O84: 3561 | P84: 2886 | Q84: 93 | R84: 6540 | T84: 44216 | U84: 3561 | V84: 2886 | W84: 93 | AG84: 2021-01-18 | AH84: 1 | AM84: 1 | BB84: 1 | BP84: 1 | BU84: 1 | BX84: 1 | DA84: 1 | DV84: 1 | DZ84: 10 | ED84: 18
A85: 53709875 | B85: 44138.3 | C85: 44138.315 | D85: =TEXT(C85, "yyyy-mm-dd") -> 2020-11-03 | E85: mobile | F85: Web | G85: Chrome | H85: United States | I85: 74 | J85: 1285 | N85: 2021-01-21 | O85: 2782 | P85: 1277 | Q85: 44 | R85: 4103 | T85: 44217 | U85: 2782 | V85: 1277 | W85: 44 | AG85: 2021-01-19 | AV85: 1 | AY85: 1 | BB85: 1 | BE85: 1 | BM85: 1 | BP85: 1 | BS85: 2 | BV85: 1 | BY85: 1 | CA85: 2 | CL85: 1 | CQ85: 1 | CR85: 2 | DB85: 1 | DS85: 3 | DW85: 1 | DZ85: 22 | EC85: 1 | ED85: 44
A86: 1014825 | B86: 44138.323 | C86: 44138.331 | D86: =TEXT(C86, "yyyy-mm-dd") -> 2020-11-03 | E86: mobile | F86: iOS | G86: Chrome | H86: United States | I86: 183 | J86: 678 | N86: 2021-01-22 | O86: 3246 | P86: 2108 | Q86: 130 | R86: 5484 | T86: 44218 | U86: 3246 | V86: 2108 | W86: 130 | AG86: 2021-01-20 | AM86: 1 | AV86: 1 | AY86: 9 | BA86: 1 | BG86: 1 | BL86: 3 | BU86: 8 | BV86: 1 | BX86: 1 | BY86: 1 | BZ86: 2 | CA86: 1 | CL86: 2 | CN86: 2 | CQ86: 2 | CX86: 1 | DF86: 1 | DO86: 4 | DP86: 2 | DS86: 1 | DV86: 2 | DY86: 3 | DZ86: 33 | ED86: 83
A87: 2276343.4 | B87: 44138.339 | C87: 44138.347 | D87: =TEXT(C87, "yyyy-mm-dd") -> 2020-11-03 | E87: desktop | F87: Macintosh | G87: Safari | H87: Turkey | I87: 40 | J87: 656 | N87: 2021-01-23 | O87: 1601 | P87: 813 | Q87: 142 | R87: 2556 | T87: 44219 | U87: 1601 | V87: 813 | W87: 142 | AG87: 2021-01-21 | AM87: 1 | AV87: 3 | AY87: 4 | BB87: 2 | BM87: 1 | BU87: 2 | BZ87: 1 | CA87: 2 | CL87: 1 | DC87: 1 | DJ87: 1 | DK87: 2 | DL87: 1 | DN87: 1 | DO87: 3 | DQ87: 1 | DR87: 1 | DS87: 1 | DV87: 1 | DX87: 1 | DY87: 2 | DZ87: 16 | ED87: 49
A88: 53887436 | B88: 44138.414 | C88: 44138.444 | D88: =TEXT(C88, "yyyy-mm-dd") -> 2020-11-03 | E88: desktop | F88: Web | G88: Chrome | H88: United States | I88: 219 | J88: 2617 | N88: 2021-01-24 | O88: 1343 | P88: 1021 | R88: 2364 | T88: 44220 | U88: 1343 | V88: 1021 | AG88: 2021-01-22 | AK88: 1 | AL88: 1 | AM88: 1 | AQ88: 1 | AY88: 2 | BA88: 11 | BD88: 1 | BF88: 2 | BJ88: 1 | BM88: 4 | BO88: 2 | BS88: 1 | BU88: 5 | BY88: 1 | CA88: 2 | CB88: 2 | CN88: 1 | CQ88: 3 | CT88: 1 | CV88: 1 | DB88: 2 | DG88: 1 | DH88: 1 | DN88: 2 | DO88: 2 | DQ88: 1 | DS88: 3 | DV88: 1 | DY88: 3 | DZ88: 31 | EA88: 1 | ED88: 92
A89: 35052066 | B89: 44138.51 | C89: 44138.539 | D89: =TEXT(C89, "yyyy-mm-dd") -> 2020-11-03 | E89: mobile | F89: Web | G89: Safari | H89: Canada | I89: 36 | J89: 2491 | N89: 2021-01-25 | O89: 1791 | P89: 977 | Q89: 132 | R89: 2900 | T89: 44221 | U89: 1791 | V89: 977 | W89: 132 | AG89: 2021-01-23 | AV89: 1 | AY89: 2 | BA89: 2 | BP89: 1 | BU89: 5 | BV89: 1 | BX89: 1 | CQ89: 2 | CV89: 1 | DK89: 1 | DO89: 2 | DS89: 1 | DY89: 1 | DZ89: 17 | ED89: 38
A90: 7644052.7 | B90: 44138.577 | C90: 44138.587 | D90: =TEXT(C90, "yyyy-mm-dd") -> 2020-11-03 | E90: mobile | F90: Web | G90: Chrome | H90: Hong Kong | I90: 44 | J90: 835 | N90: 2021-01-26 | O90: 489 | P90: 728 | R90: 1217 | T90: 44222 | U90: 489 | V90: 728 | AG90: 2021-01-24 | AY90: 9 | BM90: 2 | BO90: 1 | BU90: 2 | CL90: 1 | CQ90: 1 | DA90: 1 | DN90: 1 | DY90: 1 | DZ90: 13 | EC90: 1 | ED90: 33
A91: 19388076 | B91: 44138.589 | C91: 44138.602 | D91: =TEXT(C91, "yyyy-mm-dd") -> 2020-11-03 | E91: desktop | F91: Windows | G91: Chrome | H91: United States | I91: 37 | J91: 1073 | N91: 2021-01-27 | O91: 48 | P91: 252 | R91: 300 | T91: 44223 | U91: 48 | V91: 252 | AG91: 2021-01-25 | AH91: 1 | AV91: 1 | AY91: 2 | AZ91: 1 | BA91: 1 | BM91: 2 | BU91: 3 | BZ91: 1 | CA91: 1 | CE91: 1 | DC91: 1 | DN91: 1 | DO91: 1 | DQ91: 1 | DS91: 3 | DT91: 1 | DZ91: 25 | ED91: 47
A92: 26772644 | B92: 44138.581 | C92: 44138.615 | D92: =TEXT(C92, "yyyy-mm-dd") -> 2020-11-03 | E92: desktop | F92: Web | G92: Chrome | H92: United States | I92: 111 | J92: 2966 | N92: 2021-01-28 | O92: 105 | P92: 23 | R92: 128 | T92: 44224 | U92: 105 | V92: 23 | AG92: 2021-01-26 | AO92: 1 | AV92: 1 | AY92: 1 | BG92: 1 | BU92: 2 | CJ92: 1 | DB92: 1 | DF92: 1 | DK92: 1 | DO92: 1 | DS92: 1 | DZ92: 8 | ED92: 20
A93: 65608890 | B93: 44138.559 | C93: 44138.624 | D93: =TEXT(C93, "yyyy-mm-dd") -> 2020-11-03 | E93: desktop | F93: Web | G93: Chrome | H93: United States | I93: 279 | J93: 5688 | N93: 2021-01-29 | O93: 123 | P93: 67 | R93: 190 | T93: 44225 | U93: 123 | V93: 67 | AG93: 2021-01-27 | AH93: 1 | BU93: 1 | CA93: 1 | DO93: 1 | DY93: 1 | DZ93: 4 | ED93: 9
A94: 8760245.3 | B94: 44138.615 | C94: 44138.627 | D94: =TEXT(C94, "yyyy-mm-dd") -> 2020-11-03 | E94: desktop | F94: Web | G94: Chrome | H94: United States | I94: 48 | J94: 976 | N94: 2021-01-30 | O94: 33 | P94: 126 | R94: 159 | T94: 44226 | U94: 33 | V94: 126 | AG94: 2021-01-28 | AM94: 1 | BU94: 1 | DZ94: 3 | ED94: 5
A95: 37070312 | B95: 44138.584 | C95: 44138.643 | D95: =TEXT(C95, "yyyy-mm-dd") -> 2020-11-03 | E95: mobile | F95: Android | G95: Chrome | H95: United States | I95: 52 | J95: 5061 | N95: Grand Total | O95: 200650 | P95: 140488 | Q95: 6466 | R95: 347604 | AG95: 2021-01-29 | BL95: 1 | BM95: 1 | CA95: 1 | CP95: 1 | DJ95: 1 | DZ95: 1 | ED95: 6
A96: 30195840 | B96: 44138.667 | C96: 44138.669 | D96: =TEXT(C96, "yyyy-mm-dd") -> 2020-11-03 | E96: mobile | F96: Web | G96: Chrome | H96: United States | I96: 48 | J96: 172 | AG96: 2021-01-30 | AY96: 1 | BI96: 1 | DN96: 1 | DZ96: 2 | ED96: 5
A97: 1257911.6 | B97: 44138.664 | C97: 44138.67 | D97: =TEXT(C97, "yyyy-mm-dd") -> 2020-11-03 | E97: desktop | F97: Web | G97: Chrome | H97: United States | I97: 22 | J97: 516 | AG97: Grand Total | AH97: 35 | AI97: 1 | AJ97: 3 | AK97: 10 | AL97: 1 | AM97: 48 | AN97: 21 | AO97: 1 | AP97: 1 | AQ97: 9 | AR97: 1 | AS97: 10 | AT97: 1 | AU97: 1 | AV97: 57 | AW97: 7 | AX97: 1 | AY97: 413 | AZ97: 11 | BA97: 93 | BB97: 42 | BC97: 5 | BD97: 2 | BE97: 2 | BF97: 18 | BG97: 14 | BH97: 6 | BI97: 4 | BJ97: 9 | BK97: 3 | BL97: 10 | BM97: 113 | BN97: 7 | BO97: 80 | BP97: 30 | BQ97: 3 | BR97: 1 | BS97: 40 | BT97: 5 | BU97: 465 | BV97: 26 | BW97: 3 | BX97: 31 | BY97: 21 | BZ97: 56 | CA97: 77 | CB97: 2 | CC97: 1 | CD97: 3 | CE97: 1 | CF97: 6 | CG97: 2 | CH97: 2 | CI97: 3 | CJ97: 1 | CK97: 3 | CL97: 32 | CM97: 4 | CN97: 54 | CO97: 1 | CP97: 6 | CQ97: 62 | CR97: 6 | CS97: 7 | CT97: 3 | CU97: 1 | CV97: 20 | CW97: 2 | CX97: 1 | CY97: 1 | CZ97: 29 | DA97: 24 | DB97: 41 | DC97: 18 | DD97: 5 | DE97: 1 | DF97: 5 | DG97: 41 | DH97: 8 | DI97: 4 | DJ97: 62 | DK97: 6 | DL97: 10 | DM97: 2 | DN97: 49 | DO97: 122 | DP97: 7 | DQ97: 20 | DR97: 18 | DS97: 80 | DT97: 26 | DU97: 3 | DV97: 75 | DW97: 11 | DX97: 11 | DY97: 160 | DZ97: 2204 | EA97: 7 | EB97: 1 | EC97: 23 | ED97: 5095
A98: 55484598 | B98: 44138.565 | C98: 44138.674 | D98: =TEXT(C98, "yyyy-mm-dd") -> 2020-11-03 | E98: desktop | F98: Web | G98: Chrome | H98: United States | I98: 116 | J98: 9442
A99: 1482564.4 | B99: 44138.318 | C99: 44138.679 | D99: =TEXT(C99, "yyyy-mm-dd") -> 2020-11-03 | E99: desktop | F99: Macintosh | G99: Chrome | H99: United States | I99: 151 | J99: 31118
A100: 83151528 | B100: 44138.067 | C100: 44138.684 | D100: =TEXT(C100, "yyyy-mm-dd") -> 2020-11-03 | E100: desktop | F100: Web | G100: Chrome | H100: Australia | I100: 44 | J100: 53266
...

Sheet Aggregate data2
A3: Average of time_to_purchase | B3: Column Labels
A4: Row Labels | B4: <Other> | C4: Android Webview | D4: Chrome | E4: Edge | F4: Firefox | G4: Safari | H4: Grand Total | J4: Row Labels | K4: <Other> | L4: Android Webview | M4: Chrome | N4: Edge | O4: Firefox | P4: Safari | Q4: Grand Total | S4: Row Labels | T4: <Other> | U4: Android Webview | V4: Chrome | W4: Edge | X4: Firefox | Y4: Safari | Z4: Grand Total
A5: 2020-11-01 | B5: 7361 | C5: 1482.5 | D5: 1310.5556 | G5: 744 | H5: 1686.3571 | J5: 44136 | K5: 7361 | L5: 1482.5 | M5: 1310.5556 | P5: 744 | Q5: 1686.3571 | S5: 44136 | T5: =K5/60 -> 122.68333 | U5: =L5/60 -> 24.708333 | V5: =M5/60 -> 21.842593 | W5: =N5/60 -> 0 | X5: =O5/60 -> 0 | Y5: =P5/60 -> 12.4 | Z5: =Q5/60 -> 28.105952
A6: 2020-11-02 | B6: 672 | C6: 691 | D6: 4180.375 | E6: 229 | F6: 2580 | G6: 9609.3 | H6: 4934.2245 | J6: 44137 | K6: 672 | L6: 691 | M6: 4180.375 | N6: 229 | O6: 2580 | P6: 9609.3 | Q6: 4934.2245 | S6: 44137 | T6: =K6/60 -> 11.2 | U6: =L6/60 -> 11.516667 | V6: =M6/60 -> 69.672917 | W6: =N6/60 -> 3.8166667 | X6: =O6/60 -> 43 | Y6: =P6/60 -> 160.155 | Z6: =Q6/60 -> 82.237075
A7: 2020-11-03 | B7: 6468 | C7: 2968 | D7: 5544.1389 | G7: 7153.4545 | H7: 5871.6939 | J7: 44138 | K7: 6468 | L7: 2968 | M7: 5544.1389 | P7: 7153.4545 | Q7: 5871.6939 | S7: 44138 | T7: =K7/60 -> 107.8 | U7: =L7/60 -> 49.466667 | V7: =M7/60 -> 92.402315 | W7: =N7/60 -> 0 | X7: =O7/60 -> 0 | Y7: =P7/60 -> 119.22424 | Z7: =Q7/60 -> 97.861565
A8: 2020-11-04 | D8: 6294.1316 | G8: 11278.333 | H8: 6973.7955 | J8: 44139 | M8: 6294.1316 | P8: 11278.333 | Q8: 6973.7955 | S8: 44139 | T8: =K8/60 -> 0 | U8: =L8/60 -> 0 | V8: =M8/60 -> 104.90219 | W8: =N8/60 -> 0 | X8: =O8/60 -> 0 | Y8: =P8/60 -> 187.97222 | Z8: =Q8/60 -> 116.22992
A9: 2020-11-05 | B9: 11876 | D9: 2427.7647 | G9: 1502.375 | H9: 2506.4231 | J9: 44140 | K9: 11876 | M9: 2427.7647 | P9: 1502.375 | Q9: 2506.4231 | S9: 44140 | T9: =K9/60 -> 197.93333 | U9: =L9/60 -> 0 | V9: =M9/60 -> 40.462745 | W9: =N9/60 -> 0 | X9: =O9/60 -> 0 | Y9: =P9/60 -> 25.039583 | Z9: =Q9/60 -> 41.773718
A10: 2020-11-06 | B10: 39676 | C10: 2799 | D10: 4414.85 | E10: 436 | G10: 3590.8462 | H10: 5281 | J10: 44141 | K10: 39676 | L10: 2799 | M10: 4414.85 | N10: 436 | P10: 3590.8462 | Q10: 5281 | S10: 44141 | T10: =K10/60 -> 661.26667 | U10: =L10/60 -> 46.65 | V10: =M10/60 -> 73.580833 | W10: =N10/60 -> 7.2666667 | X10: =O10/60 -> 0 | Y10: =P10/60 -> 59.847436 | Z10: =Q10/60 -> 88.016667
A11: 2020-11-07 | C11: 2630.6667 | D11: 1126.6087 | G11: 2188.8 | H11: 1443.4839 | J11: 44142 | L11: 2630.6667 | M11: 1126.6087 | P11: 2188.8 | Q11: 1443.4839 | S11: 44142 | T11: =K11/60 -> 0 | U11: =L11/60 -> 43.844444 | V11: =M11/60 -> 18.776812 | W11: =N11/60 -> 0 | X11: =O11/60 -> 0 | Y11: =P11/60 -> 36.48 | Z11: =Q11/60 -> 24.058065
A12: 2020-11-08 | C12: 574 | D12: 4331.8095 | G12: 3782.3 | H12: 4042.6562 | J12: 44143 | L12: 574 | M12: 4331.8095 | P12: 3782.3 | Q12: 4042.6562 | S12: 44143 | T12: =K12/60 -> 0 | U12: =L12/60 -> 9.5666667 | V12: =M12/60 -> 72.196825 | W12: =N12/60 -> 0 | X12: =O12/60 -> 0 | Y12: =P12/60 -> 63.038333 | Z12: =Q12/60 -> 67.377604
A13: 2020-11-09 | B13: 9128 | D13: 2184.1765 | G13: 9442.2353 | H13: 4690.5385 | J13: 44144 | K13: 9128 | M13: 2184.1765 | P13: 9442.2353 | Q13: 4690.5385 | S13: 44144 | T13: =K13/60 -> 152.13333 | U13: =L13/60 -> 0 | V13: =M13/60 -> 36.402941 | W13: =N13/60 -> 0 | X13: =O13/60 -> 0 | Y13: =P13/60 -> 157.37059 | Z13: =Q13/60 -> 78.175641
A14: 2020-11-10 | C14: 18351 | D14: 7697.3846 | E14: 6958.5 | F14: 427.66667 | G14: 1508.9286 | H14: 6244.2258 | J14: 44145 | L14: 18351 | M14: 7697.3846 | N14: 6958.5 | O14: 427.66667 | P14: 1508.9286 | Q14: 6244.2258 | S14: 44145 | T14: =K14/60 -> 0 | U14: =L14/60 -> 305.85 | V14: =M14/60 -> 128.28974 | W14: =N14/60 -> 115.975 | X14: =O14/60 -> 7.1277778 | Y14: =P14/60 -> 25.14881 | Z14: =Q14/60 -> 104.07043
A15: 2020-11-11 | B15: 2031 | C15: 338 | D15: 5472.5854 | E15: 923.5 | F15: 895 | G15: 4720.5882 | H15: 4916.4603 | J15: 44146 | K15: 2031 | L15: 338 | M15: 5472.5854 | N15: 923.5 | O15: 895 | P15: 4720.5882 | Q15: 4916.4603 | S15: 44146 | T15: =K15/60 -> 33.85 | U15: =L15/60 -> 5.6333333 | V15: =M15/60 -> 91.209756 | W15: =N15/60 -> 15.391667 | X15: =O15/60 -> 14.916667 | Y15: =P15/60 -> 78.676471 | Z15: =Q15/60 -> 81.941005
A16: 2020-11-12 | B16: 2266 | D16: 6476.8974 | F16: 2072 | G16: 1341.8889 | H16: 5260.5 | J16: 44147 | K16: 2266 | M16: 6476.8974 | O16: 2072 | P16: 1341.8889 | Q16: 5260.5 | S16: 44147 | T16: =K16/60 -> 37.766667 | U16: =L16/60 -> 0 | V16: =M16/60 -> 107.94829 | W16: =N16/60 -> 0 | X16: =O16/60 -> 34.533333 | Y16: =P16/60 -> 22.364815 | Z16: =Q16/60 -> 87.675
A17: 2020-11-13 | B17: 689 | D17: 3032.0317 | F17: 5275 | G17: 9873.2143 | H17: 4243.1266 | J17: 44148 | K17: 689 | M17: 3032.0317 | O17: 5275 | P17: 9873.2143 | Q17: 4243.1266 | S17: 44148 | T17: =K17/60 -> 11.483333 | U17: =L17/60 -> 0 | V17: =M17/60 -> 50.533862 | W17: =N17/60 -> 0 | X17: =O17/60 -> 87.916667 | Y17: =P17/60 -> 164.55357 | Z17: =Q17/60 -> 70.718776
A18: 2020-11-14 | D18: 6662.5185 | G18: 2687 | H18: 6264.9667 | J18: 44149 | M18: 6662.5185 | P18: 2687 | Q18: 6264.9667 | S18: 44149 | T18: =K18/60 -> 0 | U18: =L18/60 -> 0 | V18: =M18/60 -> 111.04198 | W18: =N18/60 -> 0 | X18: =O18/60 -> 0 | Y18: =P18/60 -> 44.783333 | Z18: =Q18/60 -> 104.41611
A19: 2020-11-15 | B19: 2584 | C19: 768 | D19: 925.75 | E19: 438 | F19: 347 | G19: 4069 | H19: 1624.0952 | J19: 44150 | K19: 2584 | L19: 768 | M19: 925.75 | N19: 438 | O19: 347 | P19: 4069 | Q19: 1624.0952 | S19: 44150 | T19: =K19/60 -> 43.066667 | U19: =L19/60 -> 12.8 | V19: =M19/60 -> 15.429167 | W19: =N19/60 -> 7.3 | X19: =O19/60 -> 5.7833333 | Y19: =P19/60 -> 67.816667 | Z19: =Q19/60 -> 27.068254
A20: 2020-11-16 | C20: 529 | D20: 3535.6744 | E20: 12272.5 | G20: 3621 | H20: 3778.3433 | J20: 44151 | L20: 529 | M20: 3535.6744 | N20: 12272.5 | P20: 3621 | Q20: 3778.3433 | S20: 44151 | T20: =K20/60 -> 0 | U20: =L20/60 -> 8.8166667 | V20: =M20/60 -> 58.927907 | W20: =N20/60 -> 204.54167 | X20: =O20/60 -> 0 | Y20: =P20/60 -> 60.35 | Z20: =Q20/60 -> 62.972388
A21: 2020-11-17 | B21: 4263 | C21: 2878.5 | D21: 2855.6111 | G21: 3271.6087 | H21: 2968.0714 | J21: 44152 | K21: 4263 | L21: 2878.5 | M21: 2855.6111 | P21: 3271.6087 | Q21: 2968.0714 | S21: 44152 | T21: =K21/60 -> 71.05 | U21: =L21/60 -> 47.975 | V21: =M21/60 -> 47.593519 | W21: =N21/60 -> 0 | X21: =O21/60 -> 0 | Y21: =P21/60 -> 54.526812 | Z21: =Q21/60 -> 49.467857
A22: 2020-11-18 | B22: 33564 | C22: 3764 | D22: 3009.9556 | E22: 349 | G22: 4168.7778 | H22: 4204.8806 | J22: 44153 | K22: 33564 | L22: 3764 | M22: 3009.9556 | N22: 349 | P22: 4168.7778 | Q22: 4204.8806 | S22: 44153 | T22: =K22/60 -> 559.4 | U22: =L22/60 -> 62.733333 | V22: =M22/60 -> 50.165926 | W22: =N22/60 -> 5.8166667 | X22: =O22/60 -> 0 | Y22: =P22/60 -> 69.47963 | Z22: =Q22/60 -> 70.081343
A23: 2020-11-19 | B23: 510 | C23: 827 | D23: 5135.4222 | G23: 1749 | H23: 3623.2658 | J23: 44154 | K23: 510 | L23: 827 | M23: 5135.4222 | P23: 1749 | Q23: 3623.2658 | S23: 44154 | T23: =K23/60 -> 8.5 | U23: =L23/60 -> 13.783333 | V23: =M23/60 -> 85.59037 | W23: =N23/60 -> 0 | X23: =O23/60 -> 0 | Y23: =P23/60 -> 29.15 | Z23: =Q23/60 -> 60.387764
A24: 2020-11-20 | B24: 458 | C24: 1359 | D24: 6577.0303 | G24: 2449.8077 | H24: 5050.47 | J24: 44155 | K24: 458 | L24: 1359 | M24: 6577.0303 | P24: 2449.8077 | Q24: 5050.47 | S24: 44155 | T24: =K24/60 -> 7.6333333 | U24: =L24/60 -> 22.65 | V24: =M24/60 -> 109.61717 | W24: =N24/60 -> 0 | X24: =O24/60 -> 0 | Y24: =P24/60 -> 40.830128 | Z24: =Q24/60 -> 84.1745
A25: 2020-11-21 | B25: 5331 | C25: 469 | D25: 3591.1458 | F25: 13187 | G25: 1329.6667 | H25: 3428.8636 | J25: 44156 | K25: 5331 | L25: 469 | M25: 3591.1458 | O25: 13187 | P25: 1329.6667 | Q25: 3428.8636 | S25: 44156 | T25: =K25/60 -> 88.85 | U25: =L25/60 -> 7.8166667 | V25: =M25/60 -> 59.852431 | W25: =N25/60 -> 0 | X25: =O25/60 -> 219.78333 | Y25: =P25/60 -> 22.161111 | Z25: =Q25/60 -> 57.147727
A26: 2020-11-22 | B26: 507 | D26: 4343.3 | G26: 4308 | H26: 4201.2759 | J26: 44157 | K26: 507 | M26: 4343.3 | P26: 4308 | Q26: 4201.2759 | S26: 44157 | T26: =K26/60 -> 8.45 | U26: =L26/60 -> 0 | V26: =M26/60 -> 72.388333 | W26: =N26/60 -> 0 | X26: =O26/60 -> 0 | Y26: =P26/60 -> 71.8 | Z26: =Q26/60 -> 70.021264
A27: 2020-11-23 | B27: 2763 | C27: 9841.7857 | D27: 2938.3019 | G27: 2820.6667 | H27: 3620.8043 | J27: 44158 | K27: 2763 | L27: 9841.7857 | M27: 2938.3019 | P27: 2820.6667 | Q27: 3620.8043 | S27: 44158 | T27: =K27/60 -> 46.05 | U27: =L27/60 -> 164.02976 | V27: =M27/60 -> 48.971698 | W27: =N27/60 -> 0 | X27: =O27/60 -> 0 | Y27: =P27/60 -> 47.011111 | Z27: =Q27/60 -> 60.346739
A28: 2020-11-24 | B28: 9365.8 | C28: 6484.8 | D28: 1950.64 | F28: 377 | G28: 4787.303 | H28: 3202.3833 | J28: 44159 | K28: 9365.8 | L28: 6484.8 | M28: 1950.64 | O28: 377 | P28: 4787.303 | Q28: 3202.3833 | S28: 44159 | T28: =K28/60 -> 156.09667 | U28: =L28/60 -> 108.08 | V28: =M28/60 -> 32.510667 | W28: =N28/60 -> 0 | X28: =O28/60 -> 6.2833333 | Y28: =P28/60 -> 79.788384 | Z28: =Q28/60 -> 53.373056
A29: 2020-11-25 | B29: 2475.6667 | C29: 1431 | D29: 6994.3684 | G29: 8937.8571 | H29: 7102.2267 | J29: 44160 | K29: 2475.6667 | L29: 1431 | M29: 6994.3684 | P29: 8937.8571 | Q29: 7102.2267 | S29: 44160 | T29: =K29/60 -> 41.261111 | U29: =L29/60 -> 23.85 | V29: =M29/60 -> 116.57281 | W29: =N29/60 -> 0 | X29: =O29/60 -> 0 | Y29: =P29/60 -> 148.96429 | Z29: =Q29/60 -> 118.37044
A30: 2020-11-26 | C30: 974 | D30: 1825.6176 | F30: 1156 | G30: 5685.7273 | H30: 2696.6809 | J30: 44161 | L30: 974 | M30: 1825.6176 | O30: 1156 | P30: 5685.7273 | Q30: 2696.6809 | S30: 44161 | T30: =K30/60 -> 0 | U30: =L30/60 -> 16.233333 | V30: =M30/60 -> 30.426961 | W30: =N30/60 -> 0 | X30: =O30/60 -> 19.266667 | Y30: =P30/60 -> 94.762121 | Z30: =Q30/60 -> 44.944681
A31: 2020-11-27 | B31: 1368.3333 | D31: 4241.1587 | E31: 1192.6667 | G31: 3771.55 | H31: 3936.0337 | J31: 44162 | K31: 1368.3333 | M31: 4241.1587 | N31: 1192.6667 | P31: 3771.55 | Q31: 3936.0337 | S31: 44162 | T31: =K31/60 -> 22.805556 | U31: =L31/60 -> 0 | V31: =M31/60 -> 70.685979 | W31: =N31/60 -> 19.877778 | X31: =O31/60 -> 0 | Y31: =P31/60 -> 62.859167 | Z31: =Q31/60 -> 65.600562
A32: 2020-11-28 | B32: 1242.3333 | C32: 231 | D32: 2730.3696 | E32: 2213.5 | G32: 4142.1765 | H32: 2962.3043 | J32: 44163 | K32: 1242.3333 | L32: 231 | M32: 2730.3696 | N32: 2213.5 | P32: 4142.1765 | Q32: 2962.3043 | S32: 44163 | T32: =K32/60 -> 20.705556 | U32: =L32/60 -> 3.85 | V32: =M32/60 -> 45.506159 | W32: =N32/60 -> 36.891667 | X32: =O32/60 -> 0 | Y32: =P32/60 -> 69.036275 | Z32: =Q32/60 -> 49.371739
A33: 2020-11-29 | B33: 4803 | C33: 5037 | D33: 5188.1034 | E33: 495 | G33: 3250.8235 | H33: 4409.2653 | J33: 44164 | K33: 4803 | L33: 5037 | M33: 5188.1034 | N33: 495 | P33: 3250.8235 | Q33: 4409.2653 | S33: 44164 | T33: =K33/60 -> 80.05 | U33: =L33/60 -> 83.95 | V33: =M33/60 -> 86.468391 | W33: =N33/60 -> 8.25 | X33: =O33/60 -> 0 | Y33: =P33/60 -> 54.180392 | Z33: =Q33/60 -> 73.487755
A34: 2020-11-30 | B34: 8714.6 | C34: 8025.25 | D34: 5686.1744 | E34: 519 | F34: 946.66667 | G34: 2058.3333 | H34: 4817.947 | J34: 44165 | K34: 8714.6 | L34: 8025.25 | M34: 5686.1744 | N34: 519 | O34: 946.66667 | P34: 2058.3333 | Q34: 4817.947 | S34: 44165 | T34: =K34/60 -> 145.24333 | U34: =L34/60 -> 133.75417 | V34: =M34/60 -> 94.769574 | W34: =N34/60 -> 8.65 | X34: =O34/60 -> 15.777778 | Y34: =P34/60 -> 34.305556 | Z34: =Q34/60 -> 80.299116
A35: 2020-12-01 | B35: 5359.3333 | D35: 4978.5263 | E35: 5647.6667 | F35: 159 | G35: 6976.9375 | H35: 5627.2708 | J35: 44166 | K35: 5359.3333 | M35: 4978.5263 | N35: 5647.6667 | O35: 159 | P35: 6976.9375 | Q35: 5627.2708 | S35: 44166 | T35: =K35/60 -> 89.322222 | U35: =L35/60 -> 0 | V35: =M35/60 -> 82.975439 | W35: =N35/60 -> 94.127778 | X35: =O35/60 -> 2.65 | Y35: =P35/60 -> 116.28229 | Z35: =Q35/60 -> 93.787847
A36: 2020-12-02 | B36: 162 | C36: 6007.1667 | D36: 6897.3269 | F36: 2209.5 | G36: 8471.5556 | H36: 6984.4684 | J36: 44167 | K36: 162 | L36: 6007.1667 | M36: 6897.3269 | O36: 2209.5 | P36: 8471.5556 | Q36: 6984.4684 | S36: 44167 | T36: =K36/60 -> 2.7 | U36: =L36/60 -> 100.11944 | V36: =M36/60 -> 114.95545 | W36: =N36/60 -> 0 | X36: =O36/60 -> 36.825 | Y36: =P36/60 -> 141.19259 | Z36: =Q36/60 -> 116.40781
A37: 2020-12-03 | B37: 43476 | C37: 757 | D37: 3244.5424 | E37: 2808 | F37: 1164 | G37: 6730.4762 | H37: 4495.7294 | J37: 44168 | K37: 43476 | L37: 757 | M37: 3244.5424 | N37: 2808 | O37: 1164 | P37: 6730.4762 | Q37: 4495.7294 | S37: 44168 | T37: =K37/60 -> 724.6 | U37: =L37/60 -> 12.616667 | V37: =M37/60 -> 54.075706 | W37: =N37/60 -> 46.8 | X37: =O37/60 -> 19.4 | Y37: =P37/60 -> 112.1746 | Z37: =Q37/60 -> 74.928824
A38: 2020-12-04 | B38: 3012.5 | C38: 1472 | D38: 3791.3065 | E38: 1059.5 | F38: 537 | G38: 3924.95 | H38: 3607.1413 | J38: 44169 | K38: 3012.5 | L38: 1472 | M38: 3791.3065 | N38: 1059.5 | O38: 537 | P38: 3924.95 | Q38: 3607.1413 | S38: 44169 | T38: =K38/60 -> 50.208333 | U38: =L38/60 -> 24.533333 | V38: =M38/60 -> 63.188441 | W38: =N38/60 -> 17.658333 | X38: =O38/60 -> 8.95 | Y38: =P38/60 -> 65.415833 | Z38: =Q38/60 -> 60.119022
A39: 2020-12-05 | C39: 8239.3333 | D39: 5347.0556 | E39: 932 | F39: 552 | G39: 6047.5417 | H39: 5488.2857 | J39: 44170 | L39: 8239.3333 | M39: 5347.0556 | N39: 932 | O39: 552 | P39: 6047.5417 | Q39: 5488.2857 | S39: 44170 | T39: =K39/60 -> 0 | U39: =L39/60 -> 137.32222 | V39: =M39/60 -> 89.117593 | W39: =N39/60 -> 15.533333 | X39: =O39/60 -> 9.2 | Y39: =P39/60 -> 100.79236 | Z39: =Q39/60 -> 91.471429
A40: 2020-12-06 | B40: 3991 | D40: 4668.25 | F40: 2598 | G40: 4017.8182 | H40: 4426.7317 | J40: 44171 | K40: 3991 | M40: 4668.25 | O40: 2598 | P40: 4017.8182 | Q40: 4426.7317 | S40: 44171 | T40: =K40/60 -> 66.516667 | U40: =L40/60 -> 0 | V40: =M40/60 -> 77.804167 | W40: =N40/60 -> 0 | X40: =O40/60 -> 43.3 | Y40: =P40/60 -> 66.963636 | Z40: =Q40/60 -> 73.778862
A41: 2020-12-07 | D41: 6861.058 | E41: 756 | F41: 1651 | G41: 4061.1071 | H41: 5747.9423 | J41: 44172 | M41: 6861.058 | N41: 756 | O41: 1651 | P41: 4061.1071 | Q41: 5747.9423 | S41: 44172 | T41: =K41/60 -> 0 | U41: =L41/60 -> 0 | V41: =M41/60 -> 114.35097 | W41: =N41/60 -> 12.6 | X41: =O41/60 -> 27.516667 | Y41: =P41/60 -> 67.685119 | Z41: =Q41/60 -> 95.799038
A42: 2020-12-08 | B42: 15152.5 | D42: 5964.2532 | E42: 8781 | F42: 643.66667 | G42: 2961.9333 | H42: 5257.1724 | J42: 44173 | K42: 15152.5 | M42: 5964.2532 | N42: 8781 | O42: 643.66667 | P42: 2961.9333 | Q42: 5257.1724 | S42: 44173 | T42: =K42/60 -> 252.54167 | U42: =L42/60 -> 0 | V42: =M42/60 -> 99.404219 | W42: =N42/60 -> 146.35 | X42: =O42/60 -> 10.727778 | Y42: =P42/60 -> 49.365556 | Z42: =Q42/60 -> 87.61954
A43: 2020-12-09 | B43: 7098.8333 | C43: 1012 | D43: 4082.9789 | E43: 7265.5 | F43: 548 | G43: 5863.675 | H43: 4732.2789 | J43: 44174 | K43: 7098.8333 | L43: 1012 | M43: 4082.9789 | N43: 7265.5 | O43: 548 | P43: 5863.675 | Q43: 4732.2789 | S43: 44174 | T43: =K43/60 -> 118.31389 | U43: =L43/60 -> 16.866667 | V43: =M43/60 -> 68.049649 | W43: =N43/60 -> 121.09167 | X43: =O43/60 -> 9.1333333 | Y43: =P43/60 -> 97.727917 | Z43: =Q43/60 -> 78.871315
A44: 2020-12-10 | B44: 773 | C44: 1374 | D44: 6820.8706 | E44: 5450.4 | F44: 12846 | G44: 4646.7576 | H44: 6131.4419 | J44: 44175 | K44: 773 | L44: 1374 | M44: 6820.8706 | N44: 5450.4 | O44: 12846 | P44: 4646.7576 | Q44: 6131.4419 | S44: 44175 | T44: =K44/60 -> 12.883333 | U44: =L44/60 -> 22.9 | V44: =M44/60 -> 113.68118 | W44: =N44/60 -> 90.84 | X44: =O44/60 -> 214.1 | Y44: =P44/60 -> 77.44596 | Z44: =Q44/60 -> 102.1907
A45: 2020-12-11 | B45: 900.5 | C45: 3471.5 | D45: 4990.8095 | E45: 26327 | F45: 3785.3333 | G45: 7900.5806 | H45: 5568.4054 | J45: 44176 | K45: 900.5 | L45: 3471.5 | M45: 4990.8095 | N45: 26327 | O45: 3785.3333 | P45: 7900.5806 | Q45: 5568.4054 | S45: 44176 | T45: =K45/60 -> 15.008333 | U45: =L45/60 -> 57.858333 | V45: =M45/60 -> 83.180159 | W45: =N45/60 -> 438.78333 | X45: =O45/60 -> 63.088889 | Y45: =P45/60 -> 131.67634 | Z45: =Q45/60 -> 92.806757
A46: 2020-12-12 | B46: 2031.5 | C46: 404 | D46: 4229.5821 | E46: 7399 | F46: 1439.75 | G46: 2001.5833 | H46: 3564.44 | J46: 44177 | K46: 2031.5 | L46: 404 | M46: 4229.5821 | N46: 7399 | O46: 1439.75 | P46: 2001.5833 | Q46: 3564.44 | S46: 44177 | T46: =K46/60 -> 33.858333 | U46: =L46/60 -> 6.7333333 | V46: =M46/60 -> 70.493035 | W46: =N46/60 -> 123.31667 | X46: =O46/60 -> 23.995833 | Y46: =P46/60 -> 33.359722 | Z46: =Q46/60 -> 59.407333
A47: 2020-12-13 | B47: 676.5 | D47: 3899.0455 | E47: 1250.5 | F47: 31423.5 | G47: 1897.8333 | H47: 4006.1765 | J47: 44178 | K47: 676.5 | M47: 3899.0455 | N47: 1250.5 | O47: 31423.5 | P47: 1897.8333 | Q47: 4006.1765 | S47: 44178 | T47: =K47/60 -> 11.275 | U47: =L47/60 -> 0 | V47: =M47/60 -> 64.984091 | W47: =N47/60 -> 20.841667 | X47: =O47/60 -> 523.725 | Y47: =P47/60 -> 31.630556 | Z47: =Q47/60 -> 66.769608
A48: 2020-12-14 | B48: 1240 | C48: 370 | D48: 4057.5 | E48: 1760 | F48: 4194 | G48: 3710.8378 | H48: 3826.3978 | J48: 44179 | K48: 1240 | L48: 370 | M48: 4057.5 | N48: 1760 | O48: 4194 | P48: 3710.8378 | Q48: 3826.3978 | S48: 44179 | T48: =K48/60 -> 20.666667 | U48: =L48/60 -> 6.1666667 | V48: =M48/60 -> 67.625 | W48: =N48/60 -> 29.333333 | X48: =O48/60 -> 69.9 | Y48: =P48/60 -> 61.847297 | Z48: =Q48/60 -> 63.773297
A49: 2020-12-15 | B49: 732.33333 | C49: 4602 | D49: 11497.761 | E49: 807 | F49: 1974.5 | G49: 4830.875 | H49: 9343.0305 | J49: 44180 | K49: 732.33333 | L49: 4602 | M49: 11497.761 | N49: 807 | O49: 1974.5 | P49: 4830.875 | Q49: 9343.0305 | S49: 44180 | T49: =K49/60 -> 12.205556 | U49: =L49/60 -> 76.7 | V49: =M49/60 -> 191.62935 | W49: =N49/60 -> 13.45 | X49: =O49/60 -> 32.908333 | Y49: =P49/60 -> 80.514583 | Z49: =Q49/60 -> 155.71718
A50: 2020-12-16 | B50: 2175.5 | C50: 12987.5 | D50: 7178.807 | F50: 1870 | G50: 2012.2857 | H50: 6377.4143 | J50: 44181 | K50: 2175.5 | L50: 12987.5 | M50: 7178.807 | O50: 1870 | P50: 2012.2857 | Q50: 6377.4143 | S50: 44181 | T50: =K50/60 -> 36.258333 | U50: =L50/60 -> 216.45833 | V50: =M50/60 -> 119.64678 | W50: =N50/60 -> 0 | X50: =O50/60 -> 31.166667 | Y50: =P50/60 -> 33.538095 | Z50: =Q50/60 -> 106.29024
A51: 2020-12-17 | B51: 8156.5 | D51: 8367.1111 | E51: 1035 | F51: 2326 | G51: 3747.2381 | H51: 7473.4677 | J51: 44182 | K51: 8156.5 | M51: 8367.1111 | N51: 1035 | O51: 2326 | P51: 3747.2381 | Q51: 7473.4677 | S51: 44182 | T51: =K51/60 -> 135.94167 | U51: =L51/60 -> 0 | V51: =M51/60 -> 139.45185 | W51: =N51/60 -> 17.25 | X51: =O51/60 -> 38.766667 | Y51: =P51/60 -> 62.453968 | Z51: =Q51/60 -> 124.5578
A52: 2020-12-18 | B52: 1414 | D52: 3218.6769 | E52: 1644 | F52: 3105.5 | G52: 26628.219 | H52: 10334.885 | J52: 44183 | K52: 1414 | M52: 3218.6769 | N52: 1644 | O52: 3105.5 | P52: 26628.219 | Q52: 10334.885 | S52: 44183 | T52: =K52/60 -> 23.566667 | U52: =L52/60 -> 0 | V52: =M52/60 -> 53.644615 | W52: =N52/60 -> 27.4 | X52: =O52/60 -> 51.758333 | Y52: =P52/60 -> 443.80365 | Z52: =Q52/60 -> 172.24808
A53: 2020-12-19 | B53: 938.33333 | D53: 3156.8387 | E53: 9486 | F53: 41735 | G53: 4078.1538 | H53: 4181.9184 | J53: 44184 | K53: 938.33333 | M53: 3156.8387 | N53: 9486 | O53: 41735 | P53: 4078.1538 | Q53: 4181.9184 | S53: 44184 | T53: =K53/60 -> 15.638889 | U53: =L53/60 -> 0 | V53: =M53/60 -> 52.613978 | W53: =N53/60 -> 158.1 | X53: =O53/60 -> 695.58333 | Y53: =P53/60 -> 67.969231 | Z53: =Q53/60 -> 69.698639
A54: 2020-12-20 | D54: 6041.0714 | G54: 1853 | H54: 4938.9474 | J54: 44185 | M54: 6041.0714 | P54: 1853 | Q54: 4938.9474 | S54: 44185 | T54: =K54/60 -> 0 | U54: =L54/60 -> 0 | V54: =M54/60 -> 100.68452 | W54: =N54/60 -> 0 | X54: =O54/60 -> 0 | Y54: =P54/60 -> 30.883333 | Z54: =Q54/60 -> 82.315789
A55: 2020-12-21 | D55: 5022.3611 | G55: 3510.8 | H55: 4577.7843 | J55: 44186 | M55: 5022.3611 | P55: 3510.8 | Q55: 4577.7843 | S55: 44186 | T55: =K55/60 -> 0 | U55: =L55/60 -> 0 | V55: =M55/60 -> 83.706019 | W55: =N55/60 -> 0 | X55: =O55/60 -> 0 | Y55: =P55/60 -> 58.513333 | Z55: =Q55/60 -> 76.296405
A56: 2020-12-22 | B56: 1058 | D56: 6714.25 | E56: 664 | F56: 354 | G56: 1062.0909 | H56: 5152.4909 | J56: 44187 | K56: 1058 | M56: 6714.25 | N56: 664 | O56: 354 | P56: 1062.0909 | Q56: 5152.4909 | S56: 44187 | T56: =K56/60 -> 17.633333 | U56: =L56/60 -> 0 | V56: =M56/60 -> 111.90417 | W56: =N56/60 -> 11.066667 | X56: =O56/60 -> 5.9 | Y56: =P56/60 -> 17.701515 | Z56: =Q56/60 -> 85.874848
A57: 2020-12-23 | B57: 1357.5 | C57: 11694 | D57: 3763.925 | F57: 2328 | G57: 2983.1304 | H57: 3520.9851 | J57: 44188 | K57: 1357.5 | L57: 11694 | M57: 3763.925 | O57: 2328 | P57: 2983.1304 | Q57: 3520.9851 | S57: 44188 | T57: =K57/60 -> 22.625 | U57: =L57/60 -> 194.9 | V57: =M57/60 -> 62.732083 | W57: =N57/60 -> 0 | X57: =O57/60 -> 38.8 | Y57: =P57/60 -> 49.718841 | Z57: =Q57/60 -> 58.683085
A58: 2020-12-24 | D58: 6203.7059 | E58: 14541 | G58: 1448.2 | H58: 5532.3913 | J58: 44189 | M58: 6203.7059 | N58: 14541 | P58: 1448.2 | Q58: 5532.3913 | S58: 44189 | T58: =K58/60 -> 0 | U58: =L58/60 -> 0 | V58: =M58/60 -> 103.3951 | W58: =N58/60 -> 242.35 | X58: =O58/60 -> 0 | Y58: =P58/60 -> 24.136667 | Z58: =Q58/60 -> 92.206522
A59: 2020-12-25 | B59: 539 | D59: 4837.6 | E59: 712 | F59: 931 | G59: 9511 | H59: 4943.1875 | J59: 44190 | K59: 539 | M59: 4837.6 | N59: 712 | O59: 931 | P59: 9511 | Q59: 4943.1875 | S59: 44190 | T59: =K59/60 -> 8.9833333 | U59: =L59/60 -> 0 | V59: =M59/60 -> 80.626667 | W59: =N59/60 -> 11.866667 | X59: =O59/60 -> 15.516667 | Y59: =P59/60 -> 158.51667 | Z59: =Q59/60 -> 82.386458
A60: 2020-12-26 | B60: 1156 | D60: 2683.2222 | G60: 2992.8 | H60: 2684.6 | J60: 44191 | K60: 1156 | M60: 2683.2222 | P60: 2992.8 | Q60: 2684.6 | S60: 44191 | T60: =K60/60 -> 19.266667 | U60: =L60/60 -> 0 | V60: =M60/60 -> 44.72037 | W60: =N60/60 -> 0 | X60: =O60/60 -> 0 | Y60: =P60/60 -> 49.88 | Z60: =Q60/60 -> 44.743333
A61: 2020-12-27 | C61: 707 | D61: 1910.4286 | G61: 739.6 | H61: 1557.55 | J61: 44192 | L61: 707 | M61: 1910.4286 | P61: 739.6 | Q61: 1557.55 | S61: 44192 | T61: =K61/60 -> 0 | U61: =L61/60 -> 11.783333 | V61: =M61/60 -> 31.840476 | W61: =N61/60 -> 0 | X61: =O61/60 -> 0 | Y61: =P61/60 -> 12.326667 | Z61: =Q61/60 -> 25.959167
A62: 2020-12-28 | D62: 2422.2692 | E62: 3264 | G62: 1323.125 | H62: 2195.0857 | J62: 44193 | M62: 2422.2692 | N62: 3264 | P62: 1323.125 | Q62: 2195.0857 | S62: 44193 | T62: =K62/60 -> 0 | U62: =L62/60 -> 0 | V62: =M62/60 -> 40.371154 | W62: =N62/60 -> 54.4 | X62: =O62/60 -> 0 | Y62: =P62/60 -> 22.052083 | Z62: =Q62/60 -> 36.584762
A63: 2020-12-29 | D63: 1396.15 | G63: 655 | H63: 1299.4783 | J63: 44194 | M63: 1396.15 | P63: 655 | Q63: 1299.4783 | S63: 44194 | T63: =K63/60 -> 0 | U63: =L63/60 -> 0 | V63: =M63/60 -> 23.269167 | W63: =N63/60 -> 0 | X63: =O63/60 -> 0 | Y63: =P63/60 -> 10.916667 | Z63: =Q63/60 -> 21.657971
A64: 2020-12-30 | B64: 925 | D64: 3384.6429 | G64: 2748.7143 | H64: 3070.5 | J64: 44195 | K64: 925 | M64: 3384.6429 | P64: 2748.7143 | Q64: 3070.5 | S64: 44195 | T64: =K64/60 -> 15.416667 | U64: =L64/60 -> 0 | V64: =M64/60 -> 56.410714 | W64: =N64/60 -> 0 | X64: =O64/60 -> 0 | Y64: =P64/60 -> 45.811905 | Z64: =Q64/60 -> 51.175
A65: 2020-12-31 | B65: 2377 | D65: 1777.1 | E65: 349 | G65: 439 | H65: 1583.4 | J65: 44196 | K65: 2377 | M65: 1777.1 | N65: 349 | P65: 439 | Q65: 1583.4 | S65: 44196 | T65: =K65/60 -> 39.616667 | U65: =L65/60 -> 0 | V65: =M65/60 -> 29.618333 | W65: =N65/60 -> 5.8166667 | X65: =O65/60 -> 0 | Y65: =P65/60 -> 7.3166667 | Z65: =Q65/60 -> 26.39
A66: 2021-01-01 | C66: 1184.3333 | D66: 1916.375 | G66: 1051 | H66: 1574.0714 | J66: 44197 | L66: 1184.3333 | M66: 1916.375 | P66: 1051 | Q66: 1574.0714 | S66: 44197 | T66: =K66/60 -> 0 | U66: =L66/60 -> 19.738889 | V66: =M66/60 -> 31.939583 | W66: =N66/60 -> 0 | X66: =O66/60 -> 0 | Y66: =P66/60 -> 17.516667 | Z66: =Q66/60 -> 26.234524
A67: 2021-01-02 | D67: 8199 | G67: 489.33333 | H67: 6419.8462 | J67: 44198 | M67: 8199 | P67: 489.33333 | Q67: 6419.8462 | S67: 44198 | T67: =K67/60 -> 0 | U67: =L67/60 -> 0 | V67: =M67/60 -> 136.65 | W67: =N67/60 -> 0 | X67: =O67/60 -> 0 | Y67: =P67/60 -> 8.1555556 | Z67: =Q67/60 -> 106.99744
A68: 2021-01-03 | D68: 1128.3333 | G68: 11507.5 | H68: 4321.9231 | J68: 44199 | M68: 1128.3333 | P68: 11507.5 | Q68: 4321.9231 | S68: 44199 | T68: =K68/60 -> 0 | U68: =L68/60 -> 0 | V68: =M68/60 -> 18.805556 | W68: =N68/60 -> 0 | X68: =O68/60 -> 0 | Y68: =P68/60 -> 191.79167 | Z68: =Q68/60 -> 72.032051
A69: 2021-01-04 | B69: 2091 | D69: 4335.3636 | G69: 1008.5 | H69: 3699.7857 | J69: 44200 | K69: 2091 | M69: 4335.3636 | P69: 1008.5 | Q69: 3699.7857 | S69: 44200 | T69: =K69/60 -> 34.85 | U69: =L69/60 -> 0 | V69: =M69/60 -> 72.256061 | W69: =N69/60 -> 0 | X69: =O69/60 -> 0 | Y69: =P69/60 -> 16.808333 | Z69: =Q69/60 -> 61.663095
A70: 2021-01-05 | B70: 1240 | D70: 2143 | G70: 1066.5714 | H70: 1841.6429 | J70: 44201 | K70: 1240 | M70: 2143 | P70: 1066.5714 | Q70: 1841.6429 | S70: 44201 | T70: =K70/60 -> 20.666667 | U70: =L70/60 -> 0 | V70: =M70/60 -> 35.716667 | W70: =N70/60 -> 0 | X70: =O70/60 -> 0 | Y70: =P70/60 -> 17.77619 | Z70: =Q70/60 -> 30.694048
A71: 2021-01-06 | B71: 2637 | C71: 24721 | D71: 2063.12 | G71: 2665 | H71: 2897.7 | J71: 44202 | K71: 2637 | L71: 24721 | M71: 2063.12 | P71: 2665 | Q71: 2897.7 | S71: 44202 | T71: =K71/60 -> 43.95 | U71: =L71/60 -> 412.01667 | V71: =M71/60 -> 34.385333 | W71: =N71/60 -> 0 | X71: =O71/60 -> 0 | Y71: =P71/60 -> 44.416667 | Z71: =Q71/60 -> 48.295
A72: 2021-01-07 | D72: 3203.1765 | F72: 968 | G72: 10070.667 | H72: 3936.4545 | J72: 44203 | M72: 3203.1765 | O72: 968 | P72: 10070.667 | Q72: 3936.4545 | S72: 44203 | T72: =K72/60 -> 0 | U72: =L72/60 -> 0 | V72: =M72/60 -> 53.386275 | W72: =N72/60 -> 0 | X72: =O72/60 -> 16.133333 | Y72: =P72/60 -> 167.84444 | Z72: =Q72/60 -> 65.607576
A73: 2021-01-08 | D73: 3543.0435 | E73: 10881 | F73: 952.5 | G73: 5410.25 | H73: 3863.9 | J73: 44204 | M73: 3543.0435 | N73: 10881 | O73: 952.5 | P73: 5410.25 | Q73: 3863.9 | S73: 44204 | T73: =K73/60 -> 0 | U73: =L73/60 -> 0 | V73: =M73/60 -> 59.050725 | W73: =N73/60 -> 181.35 | X73: =O73/60 -> 15.875 | Y73: =P73/60 -> 90.170833 | Z73: =Q73/60 -> 64.398333
A74: 2021-01-09 | D74: 2452.0769 | F74: 350 | G74: 1321.2 | H74: 2043.8421 | J74: 44205 | M74: 2452.0769 | O74: 350 | P74: 1321.2 | Q74: 2043.8421 | S74: 44205 | T74: =K74/60 -> 0 | U74: =L74/60 -> 0 | V74: =M74/60 -> 40.867949 | W74: =N74/60 -> 0 | X74: =O74/60 -> 5.8333333 | Y74: =P74/60 -> 22.02 | Z74: =Q74/60 -> 34.064035
A75: 2021-01-10 | B75: 2733 | D75: 2447.375 | G75: 946.5 | H75: 2059.3571 | J75: 44206 | K75: 2733 | M75: 2447.375 | P75: 946.5 | Q75: 2059.3571 | S75: 44206 | T75: =K75/60 -> 45.55 | U75: =L75/60 -> 0 | V75: =M75/60 -> 40.789583 | W75: =N75/60 -> 0 | X75: =O75/60 -> 0 | Y75: =P75/60 -> 15.775 | Z75: =Q75/60 -> 34.322619
A76: 2021-01-11 | B76: 1191 | D76: 2075.7647 | E76: 1238 | G76: 13347.857 | H76: 5044.3077 | J76: 44207 | K76: 1191 | M76: 2075.7647 | N76: 1238 | P76: 13347.857 | Q76: 5044.3077 | S76: 44207 | T76: =K76/60 -> 19.85 | U76: =L76/60 -> 0 | V76: =M76/60 -> 34.596078 | W76: =N76/60 -> 20.633333 | X76: =O76/60 -> 0 | Y76: =P76/60 -> 222.46429 | Z76: =Q76/60 -> 84.071795
A77: 2021-01-12 | C77: 1357 | D77: 3916.9143 | G77: 4783.4 | H77: 4049.6304 | J77: 44208 | L77: 1357 | M77: 3916.9143 | P77: 4783.4 | Q77: 4049.6304 | S77: 44208 | T77: =K77/60 -> 0 | U77: =L77/60 -> 22.616667 | V77: =M77/60 -> 65.281905 | W77: =N77/60 -> 0 | X77: =O77/60 -> 0 | Y77: =P77/60 -> 79.723333 | Z77: =Q77/60 -> 67.493841
A78: 2021-01-13 | B78: 820 | C78: 401 | D78: 2261.7273 | F78: 370 | G78: 4494.3333 | H78: 2699.9412 | J78: 44209 | K78: 820 | L78: 401 | M78: 2261.7273 | O78: 370 | P78: 4494.3333 | Q78: 2699.9412 | S78: 44209 | T78: =K78/60 -> 13.666667 | U78: =L78/60 -> 6.6833333 | V78: =M78/60 -> 37.695455 | W78: =N78/60 -> 0 | X78: =O78/60 -> 6.1666667 | Y78: =P78/60 -> 74.905556 | Z78: =Q78/60 -> 44.99902
A79: 2021-01-14 | B79: 723 | C79: 548 | D79: 2642.7778 | F79: 12415.5 | G79: 3720.3529 | H79: 3347.9792 | J79: 44210 | K79: 723 | L79: 548 | M79: 2642.7778 | O79: 12415.5 | P79: 3720.3529 | Q79: 3347.9792 | S79: 44210 | T79: =K79/60 -> 12.05 | U79: =L79/60 -> 9.1333333 | V79: =M79/60 -> 44.046296 | W79: =N79/60 -> 0 | X79: =O79/60 -> 206.925 | Y79: =P79/60 -> 62.005882 | Z79: =Q79/60 -> 55.799653
A80: 2021-01-15 | B80: 13991 | D80: 7353.6129 | E80: 880 | G80: 3178.4444 | H80: 6462.8333 | J80: 44211 | K80: 13991 | M80: 7353.6129 | N80: 880 | P80: 3178.4444 | Q80: 6462.8333 | S80: 44211 | T80: =K80/60 -> 233.18333 | U80: =L80/60 -> 0 | V80: =M80/60 -> 122.56022 | W80: =N80/60 -> 14.666667 | X80: =O80/60 -> 0 | Y80: =P80/60 -> 52.974074 | Z80: =Q80/60 -> 107.71389
A81: 2021-01-16 | D81: 1795.5263 | E81: 869 | G81: 1540.75 | H81: 1714.4583 | J81: 44212 | M81: 1795.5263 | N81: 869 | P81: 1540.75 | Q81: 1714.4583 | S81: 44212 | T81: =K81/60 -> 0 | U81: =L81/60 -> 0 | V81: =M81/60 -> 29.925439 | W81: =N81/60 -> 14.483333 | X81: =O81/60 -> 0 | Y81: =P81/60 -> 25.679167 | Z81: =Q81/60 -> 28.574306
A82: 2021-01-17 | D82: 568.55556 | G82: 16429 | H82: 4533.6667 | J82: 44213 | M82: 568.55556 | P82: 16429 | Q82: 4533.6667 | S82: 44213 | T82: =K82/60 -> 0 | U82: =L82/60 -> 0 | V82: =M82/60 -> 9.4759259 | W82: =N82/60 -> 0 | X82: =O82/60 -> 0 | Y82: =P82/60 -> 273.81667 | Z82: =Q82/60 -> 75.561111
A83: 2021-01-18 | C83: 5292.5 | D83: 3546.2727 | G83: 697.6 | H83: 2949 | J83: 44214 | L83: 5292.5 | M83: 3546.2727 | P83: 697.6 | Q83: 2949 | S83: 44214 | T83: =K83/60 -> 0 | U83: =L83/60 -> 88.208333 | V83: =M83/60 -> 59.104545 | W83: =N83/60 -> 0 | X83: =O83/60 -> 0 | Y83: =P83/60 -> 11.626667 | Z83: =Q83/60 -> 49.15
A84: 2021-01-19 | C84: 1377 | D84: 8748 | G84: 2772 | H84: 7054.7727 | J84: 44215 | L84: 1377 | M84: 8748 | P84: 2772 | Q84: 7054.7727 | S84: 44215 | T84: =K84/60 -> 0 | U84: =L84/60 -> 22.95 | V84: =M84/60 -> 145.8 | W84: =N84/60 -> 0 | X84: =O84/60 -> 0 | Y84: =P84/60 -> 46.2 | Z84: =Q84/60 -> 117.57955
A85: 2021-01-20 | B85: 5874 | C85: 1659 | D85: 9233.1818 | F85: 5987 | G85: 6006.5909 | H85: 8088.4096 | J85: 44216 | K85: 5874 | L85: 1659 | M85: 9233.1818 | O85: 5987 | P85: 6006.5909 | Q85: 8088.4096 | S85: 44216 | T85: =K85/60 -> 97.9 | U85: =L85/60 -> 27.65 | V85: =M85/60 -> 153.88636 | W85: =N85/60 -> 0 | X85: =O85/60 -> 99.783333 | Y85: =P85/60 -> 100.10985 | Z85: =Q85/60 -> 134.80683
A86: 2021-01-21 | B86: 1509 | D86: 3583.7647 | E86: 660 | F86: 1559 | G86: 7716.9167 | H86: 4452.6327 | J86: 44217 | K86: 1509 | M86: 3583.7647 | N86: 660 | O86: 1559 | P86: 7716.9167 | Q86: 4452.6327 | S86: 44217 | T86: =K86/60 -> 25.15 | U86: =L86/60 -> 0 | V86: =M86/60 -> 59.729412 | W86: =N86/60 -> 11 | X86: =O86/60 -> 25.983333 | Y86: =P86/60 -> 128.61528 | Z86: =Q86/60 -> 74.210544
A87: 2021-01-22 | B87: 4480.6667 | C87: 822 | D87: 5072.5088 | E87: 2184.5 | G87: 8753.0345 | H87: 6104.3913 | J87: 44218 | K87: 4480.6667 | L87: 822 | M87: 5072.5088 | N87: 2184.5 | P87: 8753.0345 | Q87: 6104.3913 | S87: 44218 | T87: =K87/60 -> 74.677778 | U87: =L87/60 -> 13.7 | V87: =M87/60 -> 84.541813 | W87: =N87/60 -> 36.408333 | X87: =O87/60 -> 0 | Y87: =P87/60 -> 145.88391 | Z87: =Q87/60 -> 101.73986
A88: 2021-01-23 | D88: 6943.75 | E88: 1349 | F88: 1133 | G88: 5824.8333 | H88: 6290.2632 | J88: 44219 | M88: 6943.75 | N88: 1349 | O88: 1133 | P88: 5824.8333 | Q88: 6290.2632 | S88: 44219 | T88: =K88/60 -> 0 | U88: =L88/60 -> 0 | V88: =M88/60 -> 115.72917 | W88: =N88/60 -> 22.483333 | X88: =O88/60 -> 18.883333 | Y88: =P88/60 -> 97.080556 | Z88: =Q88/60 -> 104.83772
A89: 2021-01-24 | D89: 10624.083 | F89: 327 | G89: 592 | H89: 7880.0303 | J89: 44220 | M89: 10624.083 | O89: 327 | P89: 592 | Q89: 7880.0303 | S89: 44220 | T89: =K89/60 -> 0 | U89: =L89/60 -> 0 | V89: =M89/60 -> 177.06806 | W89: =N89/60 -> 0 | X89: =O89/60 -> 5.45 | Y89: =P89/60 -> 9.8666667 | Z89: =Q89/60 -> 131.33384
A90: 2021-01-25 | B90: 1118 | D90: 2015.1724 | E90: 734.5 | F90: 221 | G90: 7111 | H90: 3421.3191 | J90: 44221 | K90: 1118 | M90: 2015.1724 | N90: 734.5 | O90: 221 | P90: 7111 | Q90: 3421.3191 | S90: 44221 | T90: =K90/60 -> 18.633333 | U90: =L90/60 -> 0 | V90: =M90/60 -> 33.586207 | W90: =N90/60 -> 12.241667 | X90: =O90/60 -> 3.6833333 | Y90: =P90/60 -> 118.51667 | Z90: =Q90/60 -> 57.021986
A91: 2021-01-26 | D91: 1411.4667 | G91: 7837.8 | H91: 3018.05 | J91: 44222 | M91: 1411.4667 | P91: 7837.8 | Q91: 3018.05 | S91: 44222 | T91: =K91/60 -> 0 | U91: =L91/60 -> 0 | V91: =M91/60 -> 23.524444 | W91: =N91/60 -> 0 | X91: =O91/60 -> 0 | Y91: =P91/60 -> 130.63 | Z91: =Q91/60 -> 50.300833
A92: 2021-01-27 | B92: 152 | D92: 5840.4286 | G92: 7527 | H92: 5395.7778 | J92: 44223 | K92: 152 | M92: 5840.4286 | P92: 7527 | Q92: 5395.7778 | S92: 44223 | T92: =K92/60 -> 2.5333333 | U92: =L92/60 -> 0 | V92: =M92/60 -> 97.340476 | W92: =N92/60 -> 0 | X92: =O92/60 -> 0 | Y92: =P92/60 -> 125.45 | Z92: =Q92/60 -> 89.92963
A93: 2021-01-28 | B93: 2932 | D93: 419.75 | H93: 922.2 | J93: 44224 | K93: 2932 | M93: 419.75 | Q93: 922.2 | S93: 44224 | T93: =K93/60 -> 48.866667 | U93: =L93/60 -> 0 | V93: =M93/60 -> 6.9958333 | W93: =N93/60 -> 0 | X93: =O93/60 -> 0 | Y93: =P93/60 -> 0 | Z93: =Q93/60 -> 15.37
A94: 2021-01-29 | D94: 7653.5 | G94: 1000.5 | H94: 5435.8333 | J94: 44225 | M94: 7653.5 | P94: 1000.5 | Q94: 5435.8333 | S94: 44225 | T94: =K94/60 -> 0 | U94: =L94/60 -> 0 | V94: =M94/60 -> 127.55833 | W94: =N94/60 -> 0 | X94: =O94/60 -> 0 | Y94: =P94/60 -> 16.675 | Z94: =Q94/60 -> 90.597222
A95: 2021-01-30 | D95: 1043.8 | H95: 1043.8 | J95: 44226 | M95: 1043.8 | Q95: 1043.8 | S95: 44226 | T95: =K95/60 -> 0 | U95: =L95/60 -> 0 | V95: =M95/60 -> 17.396667 | W95: =N95/60 -> 0 | X95: =O95/60 -> 0 | Y95: =P95/60 -> 0 | Z95: =Q95/60 -> 17.396667
A96: Grand Total | B96: 4978.595 | C96: 5010.1099 | D96: 4882.2849 | E96: 3958.5224 | F96: 3978.9054 | G96: 5077.4324 | H96: 4909.1576 | J96: Grand Total | K96: 4978.595 | L96: 5010.1099 | M96: 4882.2849 | N96: 3958.5224 | O96: 3978.9054 | P96: 5077.4324 | Q96: 4909.1576 | S96: 44227 | T96: =K96/60 -> 82.976584 | U96: =L96/60 -> 83.501832 | V96: =M96/60 -> 81.371414 | W96: =N96/60 -> 65.975373 | X96: =O96/60 -> 66.31509 | Y96: =P96/60 -> 84.623873 | Z96: =Q96/60 -> 81.819293

Sheet Aggregate data3
A3: Average of time_to_purchase | B3: Column Labels
A4: Row Labels | B4: Canada | C4: India | D4: United States | E4: Grand Total | I4: Canada | J4: India | K4: United States | L4: Grand Total | N4: Canada | O4: India | P4: United States | Q4: =L4 -> Grand Total
A5: 2020-11-01 | B5: 601 | D5: 1287 | E5: 1189 | H5: 44136 | I5: 601 | K5: 1287 | L5: 1189 | N5: =I5/60 -> 10.016667 | O5: =J5/60 -> 0 | P5: =K5/60 -> 21.45 | Q5: =L5/60 -> 19.816667
A6: 2020-11-02 | B6: 2794.2857 | C6: 739.57143 | D6: 5380.9583 | E6: 4049.4737 | H6: 44137 | I6: 2794.2857 | J6: 739.57143 | K6: 5380.9583 | L6: 4049.4737 | N6: =I6/60 -> 46.571429 | O6: =J6/60 -> 12.32619 | P6: =K6/60 -> 89.682639 | Q6: =L6/60 -> 67.491228
A7: 2020-11-03 | B7: 1585.5 | C7: 657.75 | D7: 3550.4074 | E7: 3080.697 | H7: 44138 | I7: 1585.5 | J7: 657.75 | K7: 3550.4074 | L7: 3080.697 | N7: =I7/60 -> 26.425 | O7: =J7/60 -> 10.9625 | P7: =K7/60 -> 59.173457 | Q7: =L7/60 -> 51.344949
A8: 2020-11-04 | B8: 1260.6 | C8: 12654.4 | D8: 9626.3636 | E8: 8355.4762 | H8: 44139 | I8: 1260.6 | J8: 12654.4 | K8: 9626.3636 | L8: 8355.4762 | N8: =I8/60 -> 21.01 | O8: =J8/60 -> 210.90667 | P8: =K8/60 -> 160.43939 | Q8: =L8/60 -> 139.25794
A9: 2020-11-05 | B9: 1039.5 | C9: 891 | D9: 3573.3636 | E9: 2877.8667 | H9: 44140 | I9: 1039.5 | J9: 891 | K9: 3573.3636 | L9: 2877.8667 | N9: =I9/60 -> 17.325 | O9: =J9/60 -> 14.85 | P9: =K9/60 -> 59.556061 | Q9: =L9/60 -> 47.964444
A10: 2020-11-06 | B10: 8153.8462 | C10: 1476.5 | D10: 4967.3846 | E10: 5606 | H10: 44141 | I10: 8153.8462 | J10: 1476.5 | K10: 4967.3846 | L10: 5606 | N10: =I10/60 -> 135.89744 | O10: =J10/60 -> 24.608333 | P10: =K10/60 -> 82.789744 | Q10: =L10/60 -> 93.433333
A11: 2020-11-07 | B11: 6801 | C11: 442.5 | D11: 1337.0625 | E11: 1426.8571 | H11: 44142 | I11: 6801 | J11: 442.5 | K11: 1337.0625 | L11: 1426.8571 | N11: =I11/60 -> 113.35 | O11: =J11/60 -> 7.375 | P11: =K11/60 -> 22.284375 | Q11: =L11/60 -> 23.780952
A12: 2020-11-08 | B12: 1740 | C12: 1098.4 | D12: 2586.8235 | E12: 2226.4348 | H12: 44143 | I12: 1740 | J12: 1098.4 | K12: 2586.8235 | L12: 2226.4348 | N12: =I12/60 -> 29 | O12: =J12/60 -> 18.306667 | P12: =K12/60 -> 43.113725 | Q12: =L12/60 -> 37.107246
A13: 2020-11-09 | B13: 6830.5 | C13: 7097.6667 | D13: 3845.6667 | E13: 4713.48 | H13: 44144 | I13: 6830.5 | J13: 7097.6667 | K13: 3845.6667 | L13: 4713.48 | N13: =I13/60 -> 113.84167 | O13: =J13/60 -> 118.29444 | P13: =K13/60 -> 64.094444 | Q13: =L13/60 -> 78.558
A14: 2020-11-10 | B14: 911.33333 | C14: 777.125 | D14: 10966.8 | E14: 7864.4722 | H14: 44145 | I14: 911.33333 | J14: 777.125 | K14: 10966.8 | L14: 7864.4722 | N14: =I14/60 -> 15.188889 | O14: =J14/60 -> 12.952083 | P14: =K14/60 -> 182.78 | Q14: =L14/60 -> 131.07454
A15: 2020-11-11 | B15: 1097.7778 | C15: 8293 | D15: 4235.9259 | E15: 4041.8293 | H15: 44146 | I15: 1097.7778 | J15: 8293 | K15: 4235.9259 | L15: 4041.8293 | N15: =I15/60 -> 18.296296 | O15: =J15/60 -> 138.21667 | P15: =K15/60 -> 70.598765 | Q15: =L15/60 -> 67.363821
A16: 2020-11-12 | B16: 1422.5 | C16: 563.83333 | D16: 2277.5217 | E16: 1890.6774 | H16: 44147 | I16: 1422.5 | J16: 563.83333 | K16: 2277.5217 | L16: 1890.6774 | N16: =I16/60 -> 23.708333 | O16: =J16/60 -> 9.3972222 | P16: =K16/60 -> 37.958696 | Q16: =L16/60 -> 31.51129
A17: 2020-11-13 | B17: 8296.5714 | C17: 3272.5 | D17: 1804.5882 | E17: 2944.9333 | H17: 44148 | I17: 8296.5714 | J17: 3272.5 | K17: 1804.5882 | L17: 2944.9333 | N17: =I17/60 -> 138.27619 | O17: =J17/60 -> 54.541667 | P17: =K17/60 -> 30.076471 | Q17: =L17/60 -> 49.082222
A18: 2020-11-14 | B18: 3651 | C18: 906 | D18: 3200.4 | E18: 3167.6 | H18: 44149 | I18: 3651 | J18: 906 | K18: 3200.4 | L18: 3167.6 | N18: =I18/60 -> 60.85 | O18: =J18/60 -> 15.1 | P18: =K18/60 -> 53.34 | Q18: =L18/60 -> 52.793333
A19: 2020-11-15 | C19: 1066.6667 | D19: 2323.1 | E19: 2033.1538 | H19: 44150 | J19: 1066.6667 | K19: 2323.1 | L19: 2033.1538 | N19: =I19/60 -> 0 | O19: =J19/60 -> 17.777778 | P19: =K19/60 -> 38.718333 | Q19: =L19/60 -> 33.885897
A20: 2020-11-16 | B20: 1086 | C20: 5005.6667 | D20: 3586.6857 | E20: 3448.5957 | H20: 44151 | I20: 1086 | J20: 5005.6667 | K20: 3586.6857 | L20: 3448.5957 | N20: =I20/60 -> 18.1 | O20: =J20/60 -> 83.427778 | P20: =K20/60 -> 59.778095 | Q20: =L20/60 -> 57.476596
A21: 2020-11-17 | B21: 5539.5 | C21: 1346.6 | D21: 3357.7073 | E21: 3312.678 | H21: 44152 | I21: 5539.5 | J21: 1346.6 | K21: 3357.7073 | L21: 3312.678 | N21: =I21/60 -> 92.325 | O21: =J21/60 -> 22.443333 | P21: =K21/60 -> 55.961789 | Q21: =L21/60 -> 55.211299
A22: 2020-11-18 | B22: 4456.5 | C22: 3202.4286 | D22: 5760 | E22: 5235.0204 | H22: 44153 | I22: 4456.5 | J22: 3202.4286 | K22: 5760 | L22: 5235.0204 | N22: =I22/60 -> 74.275 | O22: =J22/60 -> 53.37381 | P22: =K22/60 -> 96 | Q22: =L22/60 -> 87.25034
A23: 2020-11-19 | B23: 517 | C23: 1489.3333 | D23: 3925.5484 | E23: 2889.3191 | H23: 44154 | I23: 517 | J23: 1489.3333 | K23: 3925.5484 | L23: 2889.3191 | N23: =I23/60 -> 8.6166667 | O23: =J23/60 -> 24.822222 | P23: =K23/60 -> 65.425806 | Q23: =L23/60 -> 48.155319
A24: 2020-11-20 | B24: 2852.5 | C24: 3897.875 | D24: 8962.6053 | E24: 6741.7188 | H24: 44155 | I24: 2852.5 | J24: 3897.875 | K24: 8962.6053 | L24: 6741.7188 | N24: =I24/60 -> 47.541667 | O24: =J24/60 -> 64.964583 | P24: =K24/60 -> 149.37675 | Q24: =L24/60 -> 112.36198
A25: 2020-11-21 | C25: 964.5 | D25: 2061.3611 | E25: 1951.675 | H25: 44156 | J25: 964.5 | K25: 2061.3611 | L25: 1951.675 | N25: =I25/60 -> 0 | O25: =J25/60 -> 16.075 | P25: =K25/60 -> 34.356019 | Q25: =L25/60 -> 32.527917
A26: 2020-11-22 | B26: 641 | C26: 1453 | D26: 3023.8182 | E26: 2550.8 | H26: 44157 | I26: 641 | J26: 1453 | K26: 3023.8182 | L26: 2550.8 | N26: =I26/60 -> 10.683333 | O26: =J26/60 -> 24.216667 | P26: =K26/60 -> 50.39697 | Q26: =L26/60 -> 42.513333
A27: 2020-11-23 | B27: 1977.25 | C27: 1635.7143 | D27: 2820.3958 | E27: 2487.1 | H27: 44158 | I27: 1977.25 | J27: 1635.7143 | K27: 2820.3958 | L27: 2487.1 | N27: =I27/60 -> 32.954167 | O27: =J27/60 -> 27.261905 | P27: =K27/60 -> 47.006597 | Q27: =L27/60 -> 41.451667
A28: 2020-11-24 | B28: 2264.5 | C28: 2849.2353 | D28: 3133.2381 | E28: 2978.7692 | H28: 44159 | I28: 2264.5 | J28: 2849.2353 | K28: 3133.2381 | L28: 2978.7692 | N28: =I28/60 -> 37.741667 | O28: =J28/60 -> 47.487255 | P28: =K28/60 -> 52.220635 | Q28: =L28/60 -> 49.646154
A29: 2020-11-25 | B29: 1610.1429 | C29: 14607.167 | D29: 7352.1875 | E29: 7467.2069 | H29: 44160 | I29: 1610.1429 | J29: 14607.167 | K29: 7352.1875 | L29: 7467.2069 | N29: =I29/60 -> 26.835714 | O29: =J29/60 -> 243.45278 | P29: =K29/60 -> 122.53646 | Q29: =L29/60 -> 124.45345
A30: 2020-11-26 | B30: 611 | C30: 1632 | D30: 3884.72 | E30: 3468.3793 | H30: 44161 | I30: 611 | J30: 1632 | K30: 3884.72 | L30: 3468.3793 | N30: =I30/60 -> 10.183333 | O30: =J30/60 -> 27.2 | P30: =K30/60 -> 64.745333 | Q30: =L30/60 -> 57.806322
A31: 2020-11-27 | B31: 2793 | C31: 1330.6667 | D31: 2694.6512 | E31: 2609.6809 | H31: 44162 | I31: 2793 | J31: 1330.6667 | K31: 2694.6512 | L31: 2609.6809 | N31: =I31/60 -> 46.55 | O31: =J31/60 -> 22.177778 | P31: =K31/60 -> 44.910853 | Q31: =L31/60 -> 43.494681
A32: 2020-11-28 | B32: 8261 | C32: 1455.875 | D32: 3330.7143 | E32: 3531.8125 | H32: 44163 | I32: 8261 | J32: 1455.875 | K32: 3330.7143 | L32: 3531.8125 | N32: =I32/60 -> 137.68333 | O32: =J32/60 -> 24.264583 | P32: =K32/60 -> 55.511905 | Q32: =L32/60 -> 58.863542
A33: 2020-11-29 | B33: 1112.875 | C33: 2560.4 | D33: 3807.8667 | E33: 2815.1071 | H33: 44164 | I33: 1112.875 | J33: 2560.4 | K33: 3807.8667 | L33: 2815.1071 | N33: =I33/60 -> 18.547917 | O33: =J33/60 -> 42.673333 | P33: =K33/60 -> 63.464444 | Q33: =L33/60 -> 46.918452
A34: 2020-11-30 | B34: 8536.6429 | C34: 999.33333 | D34: 5042.4 | E34: 5301.9895 | H34: 44165 | I34: 8536.6429 | J34: 999.33333 | K34: 5042.4 | L34: 5301.9895 | N34: =I34/60 -> 142.27738 | O34: =J34/60 -> 16.655556 | P34: =K34/60 -> 84.04 | Q34: =L34/60 -> 88.366491
A35: 2020-12-01 | B35: 10389.667 | C35: 6339.4 | D35: 4274.6667 | E35: 5161.717 | H35: 44166 | I35: 10389.667 | J35: 6339.4 | K35: 4274.6667 | L35: 5161.717 | N35: =I35/60 -> 173.16111 | O35: =J35/60 -> 105.65667 | P35: =K35/60 -> 71.244444 | Q35: =L35/60 -> 86.028616
A36: 2020-12-02 | B36: 2529.25 | C36: 6155.9231 | D36: 10406.323 | E36: 8598.75 | H36: 44167 | I36: 2529.25 | J36: 6155.9231 | K36: 10406.323 | L36: 8598.75 | N36: =I36/60 -> 42.154167 | O36: =J36/60 -> 102.59872 | P36: =K36/60 -> 173.43871 | Q36: =L36/60 -> 143.3125
A37: 2020-12-03 | B37: 1464.2 | C37: 1397.7 | D37: 6869.2222 | E37: 5266.4706 | H37: 44168 | I37: 1464.2 | J37: 1397.7 | K37: 6869.2222 | L37: 5266.4706 | N37: =I37/60 -> 24.403333 | O37: =J37/60 -> 23.295 | P37: =K37/60 -> 114.48704 | Q37: =L37/60 -> 87.77451
... A65: 2020-12-31 | B65: 3921 | C65: 1054 | D65: 1978.4545 | E65: 1985.1429 | H65: 44196 | I65: 3921 | J65: 1054 | K65: 1978.4545 | L65: 1985.1429 | N65: =I65/60 -> 65.35 | O65: =J65/60 -> 17.566667 | P65: =K65/60 -> 32.974242 | Q65: =L65/60 -> 33.085714
A66: 2021-01-01 | C66: 1816 | D66: 1476.4286 | E66: 1518.875 | H66: 44197 | J66: 1816 | K66: 1476.4286 | L66: 1518.875 | N66: =I66/60 -> 0 | O66: =J66/60 -> 30.266667 | P66: =K66/60 -> 24.607143 | Q66: =L66/60 -> 25.314583
A67: 2021-01-02 | B67: 538 | C67: 1157 | D67: 9562.875 | E67: 7214.0909 | H67: 44198 | I67: 538 | J67: 1157 | K67: 9562.875 | L67: 7214.0909 | N67: =I67/60 -> 8.9666667 | O67: =J67/60 -> 19.283333 | P67: =K67/60 -> 159.38125 | Q67: =L67/60 -> 120.23485
A68: 2021-01-03 | D68: 796 | E68: 796 | H68: 44199 | K68: 796 | L68: 796 | N68: =I68/60 -> 0 | O68: =J68/60 -> 0 | P68: =K68/60 -> 13.266667 | Q68: =L68/60 -> 13.266667
A69: 2021-01-04 | B69: 1129.5 | C69: 5951 | D69: 1133 | E69: 1667.5556 | H69: 44200 | I69: 1129.5 | J69: 5951 | K69: 1133 | L69: 1667.5556 | N69: =I69/60 -> 18.825 | O69: =J69/60 -> 99.183333 | P69: =K69/60 -> 18.883333 | Q69: =L69/60 -> 27.792593
A70: 2021-01-05 | B70: 6336 | D70: 1288.6667 | E70: 1882.4706 | H70: 44201 | I70: 6336 | K70: 1288.6667 | L70: 1882.4706 | N70: =I70/60 -> 105.6 | O70: =J70/60 -> 0 | P70: =K70/60 -> 21.477778 | Q70: =L70/60 -> 31.37451
A71: 2021-01-06 | B71: 3172 | C71: 255.5 | D71: 4080.25 | E71: 3291.4167 | H71: 44202 | I71: 3172 | J71: 255.5 | K71: 4080.25 | L71: 3291.4167 | N71: =I71/60 -> 52.866667 | O71: =J71/60 -> 4.2583333 | P71: =K71/60 -> 68.004167 | Q71: =L71/60 -> 54.856944
A72: 2021-01-07 | B72: 484 | C72: 315 | D72: 4257.8182 | E72: 3425 | H72: 44203 | I72: 484 | J72: 315 | K72: 4257.8182 | L72: 3425 | N72: =I72/60 -> 8.0666667 | O72: =J72/60 -> 5.25 | P72: =K72/60 -> 70.963636 | Q72: =L72/60 -> 57.083333
A73: 2021-01-08 | B73: 5228 | D73: 3191.75 | E73: 3599 | H73: 44204 | I73: 5228 | K73: 3191.75 | L73: 3599 | N73: =I73/60 -> 87.133333 | O73: =J73/60 -> 0 | P73: =K73/60 -> 53.195833 | Q73: =L73/60 -> 59.983333
A74: 2021-01-09 | C74: 1013.5 | D74: 2925 | E74: 2606.4167 | H74: 44205 | J74: 1013.5 | K74: 2925 | L74: 2606.4167 | N74: =I74/60 -> 0 | O74: =J74/60 -> 16.891667 | P74: =K74/60 -> 48.75 | Q74: =L74/60 -> 43.440278
A75: 2021-01-10 | B75: 469 | D75: 2065.1429 | E75: 1865.625 | H75: 44206 | I75: 469 | K75: 2065.1429 | L75: 1865.625 | N75: =I75/60 -> 7.8166667 | O75: =J75/60 -> 0 | P75: =K75/60 -> 34.419048 | Q75: =L75/60 -> 31.09375
A76: 2021-01-11 | B76: 7367.6667 | C76: 1191 | D76: 2896.75 | E76: 3628.4375 | H76: 44207 | I76: 7367.6667 | J76: 1191 | K76: 2896.75 | L76: 3628.4375 | N76: =I76/60 -> 122.79444 | O76: =J76/60 -> 19.85 | P76: =K76/60 -> 48.279167 | Q76: =L76/60 -> 60.473958
A77: 2021-01-12 | B77: 1401.25 | C77: 563.8 | D77: 4267.48 | E77: 3385.6176 | H77: 44208 | I77: 1401.25 | J77: 563.8 | K77: 4267.48 | L77: 3385.6176 | N77: =I77/60 -> 23.354167 | O77: =J77/60 -> 9.3966667 | P77: =K77/60 -> 71.124667 | Q77: =L77/60 -> 56.426961
A78: 2021-01-13 | B78: 1626 | D78: 1746.3684 | E78: 1725.4348 | H78: 44209 | I78: 1626 | K78: 1746.3684 | L78: 1725.4348 | N78: =I78/60 -> 27.1 | O78: =J78/60 -> 0 | P78: =K78/60 -> 29.10614 | Q78: =L78/60 -> 28.757246
A79: 2021-01-14 | B79: 2989.8571 | C79: 778.66667 | D79: 5135.2308 | E79: 3698.4 | H79: 44210 | I79: 2989.8571 | J79: 778.66667 | K79: 5135.2308 | L79: 3698.4 | N79: =I79/60 -> 49.830952 | O79: =J79/60 -> 12.977778 | P79: =K79/60 -> 85.587179 | Q79: =L79/60 -> 61.64
A80: 2021-01-15 | B80: 1303 | C80: 387 | D80: 3934.2857 | E80: 3298.6667 | H80: 44211 | I80: 1303 | J80: 387 | K80: 3934.2857 | L80: 3298.6667 | N80: =I80/60 -> 21.716667 | O80: =J80/60 -> 6.45 | P80: =K80/60 -> 65.571429 | Q80: =L80/60 -> 54.977778
A81: 2021-01-16 | B81: 2081 | C81: 2189.75 | D81: 980.16667 | E81: 1669.6667 | H81: 44212 | I81: 2081 | J81: 2189.75 | K81: 980.16667 | L81: 1669.6667 | N81: =I81/60 -> 34.683333 | O81: =J81/60 -> 36.495833 | P81: =K81/60 -> 16.336111 | Q81: =L81/60 -> 27.827778
A82: 2021-01-17 | B82: 415 | C82: 48353 | D82: 587.5 | E82: 6536.625 | H82: 44213 | I82: 415 | J82: 48353 | K82: 587.5 | L82: 6536.625 | N82: =I82/60 -> 6.9166667 | O82: =J82/60 -> 805.88333 | P82: =K82/60 -> 9.7916667 | Q82: =L82/60 -> 108.94375
A83: 2021-01-18 | C83: 1549 | D83: 3282.5 | E83: 3124.9091 | H83: 44214 | J83: 1549 | K83: 3282.5 | L83: 3124.9091 | N83: =I83/60 -> 0 | O83: =J83/60 -> 25.816667 | P83: =K83/60 -> 54.708333 | Q83: =L83/60 -> 52.081818
A84: 2021-01-19 | B84: 15750 | D84: 8318.3636 | E84: 8641.4783 | H84: 44215 | I84: 15750 | K84: 8318.3636 | L84: 8641.4783 | N84: =I84/60 -> 262.5 | O84: =J84/60 -> 0 | P84: =K84/60 -> 138.63939 | Q84: =L84/60 -> 144.02464
A85: 2021-01-20 | B85: 5738.4444 | C85: 1915.75 | D85: 9263.0303 | E85: 7453.04 | H85: 44216 | I85: 5738.4444 | J85: 1915.75 | K85: 9263.0303 | L85: 7453.04 | N85: =I85/60 -> 95.640741 | O85: =J85/60 -> 31.929167 | P85: =K85/60 -> 154.38384 | Q85: =L85/60 -> 124.21733
A86: 2021-01-21 | B86: 4236.5 | C86: 3894 | D86: 7914.5625 | E86: 6880.3182 | H86: 44217 | I86: 4236.5 | J86: 3894 | K86: 7914.5625 | L86: 6880.3182 | N86: =I86/60 -> 70.608333 | O86: =J86/60 -> 64.9 | P86: =K86/60 -> 131.90938 | Q86: =L86/60 -> 114.67197
A87: 2021-01-22 | B87: 3472 | C87: 14670.6 | D87: 5099.1935 | E87: 6272.9474 | H87: 44218 | I87: 3472 | J87: 14670.6 | K87: 5099.1935 | L87: 6272.9474 | N87: =I87/60 -> 57.866667 | O87: =J87/60 -> 244.51 | P87: =K87/60 -> 84.986559 | Q87: =L87/60 -> 104.54912
A88: 2021-01-23 | B88: 637.5 | C88: 7471.8 | D88: 8344.7059 | E88: 7520.5833 | H88: 44219 | I88: 637.5 | J88: 7471.8 | K88: 8344.7059 | L88: 7520.5833 | N88: =I88/60 -> 10.625 | O88: =J88/60 -> 124.53 | P88: =K88/60 -> 139.07843 | Q88: =L88/60 -> 125.34306
A89: 2021-01-24 | B89: 17219.444 | C89: 509.5 | D89: 2199.3846 | E89: 7691.0833 | H89: 44220 | I89: 17219.444 | J89: 509.5 | K89: 2199.3846 | L89: 7691.0833 | N89: =I89/60 -> 286.99074 | O89: =J89/60 -> 8.4916667 | P89: =K89/60 -> 36.65641 | Q89: =L89/60 -> 128.18472
A90: 2021-01-25 | B90: 2613 | C90: 627.66667 | D90: 5051.76 | E90: 4446.7667 | H90: 44221 | I90: 2613 | J90: 627.66667 | K90: 5051.76 | L90: 4446.7667 | N90: =I90/60 -> 43.55 | O90: =J90/60 -> 10.461111 | P90: =K90/60 -> 84.196 | Q90: =L90/60 -> 74.112778
A91: 2021-01-26 | B91: 806 | C91: 969.5 | D91: 4450 | E91: 3485.9091 | H91: 44222 | I91: 806 | J91: 969.5 | K91: 4450 | L91: 3485.9091 | N91: =I91/60 -> 13.433333 | O91: =J91/60 -> 16.158333 | P91: =K91/60 -> 74.166667 | Q91: =L91/60 -> 58.098485
A92: 2021-01-27 | C92: 1439 | D92: 2078.25 | E92: 1950.4 | H92: 44223 | J92: 1439 | K92: 2078.25 | L92: 1950.4 | N92: =I92/60 -> 0 | O92: =J92/60 -> 23.983333 | P92: =K92/60 -> 34.6375 | Q92: =L92/60 -> 32.506667
A93: 2021-01-28 | C93: 230 | D93: 1335.3333 | E93: 1059 | H93: 44224 | J93: 230 | K93: 1335.3333 | L93: 1059 | N93: =I93/60 -> 0 | O93: =J93/60 -> 3.8333333 | P93: =K93/60 -> 22.255556 | Q93: =L93/60 -> 17.65
A94: 2021-01-29 | D94: 277 | E94: 277 | H94: 44225 | K94: 277 | L94: 277 | N94: =I94/60 -> 0 | O94: =J94/60 -> 0 | P94: =K94/60 -> 4.6166667 | Q94: =L94/60 -> 4.6166667
A95: 2021-01-30 | B95: 1902 | D95: 777.5 | E95: 1152.3333 | H95: 44226 | I95: 1902 | K95: 777.5 | L95: 1152.3333 | N95: =I95/60 -> 31.7 | O95: =J95/60 -> 0 | P95: =K95/60 -> 12.958333 | Q95: =L95/60 -> 19.205556
A96: Grand Total | B96: 4139.5666 | C96: 3921.772 | D96: 4767.2727 | E96: 4555.5918 | L96: 4555.5918
